callsign,date
DAL951,2025-05-09
UAL343,2025-05-08
SWA4103,2025-05-14
UAL2334,2025-05-28
NKS2303,2025-05-08
UAL2357,2025-05-04
UAL2361,2025-05-13
DAL2545,2025-05-09
DAL1129,2025-05-08
SWA3457,2025-05-03
SWA949,2025-05-18
UAL2629,2025-05-14
DAL1121,2025-05-04
AAL2548,2025-05-02
ASA188,2025-05-24
SWA1518,2025-05-24
SWA1955,2025-05-24
UAL1709,2025-05-20
JBU1067,2025-05-29
UAL1927,2025-05-29
UAL406,2025-05-07
SWA2553,2025-05-30
SWA3897,2025-05-30
AAL2289,2025-05-08
AAL2471,2025-05-30
UAL1800,2025-05-13
DAL3004,2025-05-19
UAL1325,2025-05-12
FFT4456,2025-05-30
AAL679,2025-05-04
UAL1293,2025-05-22
SWA2761,2025-05-17
UAL1641,2025-05-26
FFT1369,2025-05-11
AAL1789,2025-05-06
ASA732,2025-05-04
UAL763,2025-05-26
AAL2711,2025-05-14
UAL2390,2025-05-18
SWA3694,2025-05-23
SWA4519,2025-05-31
SWA813,2025-05-30
DAL1345,2025-05-05
SWA1738,2025-05-10
HAL670,2025-05-07
DAL2756,2025-05-02
SWA2617,2025-05-28
AAY270,2025-05-23
DAL1539,2025-05-07
FFT3574,2025-05-02
DAL1607,2025-05-31
SWA4002,2025-05-06
AAL3219,2025-05-26
DAL730,2025-05-22
UAL609,2025-05-31
SWA866,2025-05-14
SWA1288,2025-05-27
FFT1994,2025-05-21
UAL2312,2025-05-12
DAL1427,2025-05-18
SWA4301,2025-05-14
AAL779,2025-05-04
AAL2081,2025-05-09
DAL895,2025-05-01
DAL2760,2025-05-05
UAL594,2025-05-23
UAL2600,2025-05-08
ASA934,2025-05-02
DAL473,2025-05-26
AAL2167,2025-05-08
AAL1870,2025-05-29
SWA3330,2025-05-02
SWA2805,2025-05-08
DAL2447,2025-05-24
DAL3016,2025-05-15
SWA2106,2025-05-24
UAL1140,2025-05-04
SWA2763,2025-05-17
UAL2476,2025-05-28
DAL430,2025-05-29
SWA1167,2025-05-01
DAL2027,2025-05-18
DAL2079,2025-05-04
AAL2718,2025-05-30
AAY866,2025-05-04
SWA868,2025-05-21
DAL390,2025-05-26
AAL1584,2025-05-03
SWA4193,2025-05-24
AAL2640,2025-05-03
UAL721,2025-05-06
AAL1697,2025-05-29
AAL1500,2025-05-11
AAL1958,2025-05-24
UAL2123,2025-05-04
AAL3175,2025-05-30
AAL1786,2025-05-09
SWA2003,2025-05-12
AAL1151,2025-05-14
DAL2568,2025-05-09
ASA590,2025-05-22
DAL1012,2025-05-20
UAL2281,2025-05-11
AAL2374,2025-05-31
UAL676,2025-05-23
DAL1153,2025-05-11
SWA3069,2025-05-15
ASA436,2025-05-30
FFT1085,2025-05-30
FFT4966,2025-05-15
UAL283,2025-05-01
JBU524,2025-05-01
SWA910,2025-05-21
UAL442,2025-05-20
UAL2337,2025-05-16
SWA4002,2025-05-30
SWA4126,2025-05-12
SWA2288,2025-05-12
SWA944,2025-05-15
NKS233,2025-05-04
AAL766,2025-05-21
DAL1521,2025-05-15
DAL2934,2025-05-31
NKS2655,2025-05-18
AAL2865,2025-05-02
AAL1645,2025-05-19
SWA3412,2025-05-19
SWA2090,2025-05-14
FFT3091,2025-05-09
AAL1820,2025-05-02
DAL2489,2025-05-04
JBU948,2025-05-19
UAL1940,2025-05-31
NKS2101,2025-05-24
SWA3097,2025-05-21
SWA4077,2025-05-08
DAL360,2025-05-30
DAL906,2025-05-19
DAL2525,2025-05-05
ASA1086,2025-05-08
AAL2402,2025-05-08
SWA2790,2025-05-29
SWA1315,2025-05-26
DAL2006,2025-05-11
UAL1819,2025-05-06
AAL3315,2025-05-11
UAL729,2025-05-16
FFT1713,2025-05-02
UAL2029,2025-05-08
NKS2336,2025-05-24
SWA2971,2025-05-16
FFT4418,2025-05-28
FFT4312,2025-05-22
AAL1715,2025-05-25
AAL396,2025-05-12
DAL966,2025-05-07
NKS574,2025-05-03
SWA4697,2025-05-07
AAL1925,2025-05-14
AAL2655,2025-05-19
AAY553,2025-05-27
AAL1278,2025-05-15
SWA1016,2025-05-31
UAL2643,2025-05-27
DAL1509,2025-05-06
SWA1499,2025-05-01
AAL2031,2025-05-17
DAL332,2025-05-11
SWA537,2025-05-26
SWA291,2025-05-04
ASA632,2025-05-08
DAL2289,2025-05-17
DAL2923,2025-05-19
SWA1581,2025-05-14
FFT3545,2025-05-19
DAL2339,2025-05-12
SWA2675,2025-05-22
SWA3635,2025-05-28
AAL1892,2025-05-27
SWA3785,2025-05-14
AAL1654,2025-05-04
SWA2958,2025-05-04
ASA1011,2025-05-04
FFT3054,2025-05-25
SWA16,2025-05-01
SWA806,2025-05-06
DAL2316,2025-05-09
SWA250,2025-05-23
DAL1275,2025-05-30
SWA1536,2025-05-05
SWA827,2025-05-13
SWA3146,2025-05-08
NKS2403,2025-05-24
DAL3125,2025-05-26
SWA2574,2025-05-14
UAL1668,2025-05-02
SWA1786,2025-05-24
DAL2773,2025-05-05
FFT1645,2025-05-19
SWA4313,2025-05-06
SWA2863,2025-05-07
UAL1075,2025-05-02
DAL1568,2025-05-27
UAL1709,2025-05-28
SWA669,2025-05-11
SWA677,2025-05-16
JBU714,2025-05-15
SWA121,2025-05-15
NKS2375,2025-05-27
UAL702,2025-05-18
UAL2038,2025-05-06
SWA2406,2025-05-30
AAL387,2025-05-07
DAL2116,2025-05-29
SWA955,2025-05-20
DAL2370,2025-05-08
ASA162,2025-05-30
FFT1790,2025-05-27
AAY909,2025-05-26
AAL1075,2025-05-08
AAL1792,2025-05-12
ASA25,2025-05-30
UAL1428,2025-05-16
DAL3168,2025-05-18
SWA467,2025-05-18
FFT1876,2025-05-10
SWA2719,2025-05-28
AAL2243,2025-05-08
SWA2573,2025-05-09
UAL1711,2025-05-10
SWA701,2025-05-12
FFT3138,2025-05-30
AAL2504,2025-05-17
FFT2215,2025-05-30
SWA4348,2025-05-19
AAL2042,2025-05-12
SWA312,2025-05-06
HAL558,2025-05-03
ASA1059,2025-05-08
UAL1742,2025-05-27
SWA1603,2025-05-28
SWA1278,2025-05-01
FFT2387,2025-05-22
ASA1229,2025-05-23
NKS1940,2025-05-05
JBU2625,2025-05-25
AAL461,2025-05-23
AAL1981,2025-05-22
SWA3151,2025-05-26
AAL2122,2025-05-06
AAL1025,2025-05-22
ASA125,2025-05-17
DAL1332,2025-05-28
UAL2169,2025-05-03
UAL1576,2025-05-10
DAL338,2025-05-08
UAL1702,2025-05-06
JBU127,2025-05-08
SWA816,2025-05-11
SWA2737,2025-05-08
AAY163,2025-05-09
AAL2866,2025-05-27
ASA1033,2025-05-27
NKS2668,2025-05-08
AAL1303,2025-05-14
AAY2667,2025-05-16
AAL2251,2025-05-01
UAL259,2025-05-30
UAL1623,2025-05-27
AAL3207,2025-05-13
SWA3535,2025-05-23
AAL3326,2025-05-27
SWA568,2025-05-28
ASA739,2025-05-25
AAL981,2025-05-19
DAL2588,2025-05-18
UAL788,2025-05-28
JBU1303,2025-05-09
UAL2168,2025-05-25
UAL1383,2025-05-20
SWA1040,2025-05-07
SWA3478,2025-05-21
NKS2228,2025-05-11
UAL2040,2025-05-16
DAL938,2025-05-29
SWA1465,2025-05-14
AAL1555,2025-05-09
FFT1734,2025-05-13
AAL2392,2025-05-05
SWA2913,2025-05-17
AAL1898,2025-05-10
FFT1874,2025-05-12
SWA2790,2025-05-01
DAL846,2025-05-30
UAL684,2025-05-30
DAL1264,2025-05-03
SWA207,2025-05-26
SWA4520,2025-05-07
DAL1469,2025-05-19
AAL399,2025-05-22
UAL2039,2025-05-25
DAL562,2025-05-26
SWA668,2025-05-17
FFT3540,2025-05-22
UAL1112,2025-05-27
HAL304,2025-05-03
JBU1289,2025-05-31
DAL735,2025-05-30
SWA3706,2025-05-30
ASA1091,2025-05-04
SWA1385,2025-05-05
DAL2469,2025-05-09
DAL2397,2025-05-12
UAL2610,2025-05-16
AAL1249,2025-05-17
SWA3706,2025-05-22
SWA1758,2025-05-16
UAL2192,2025-05-10
AAL1312,2025-05-15
DAL2864,2025-05-30
DAL2576,2025-05-21
DAL904,2025-05-04
DAL2754,2025-05-13
SWA1719,2025-05-05
SWA3909,2025-05-28
HAL244,2025-05-03
AAL1979,2025-05-26
SWA1401,2025-05-10
DAL1640,2025-05-17
SWA1964,2025-05-22
DAL1243,2025-05-08
AAL2269,2025-05-13
SWA4357,2025-05-02
NKS2599,2025-05-12
DAL1515,2025-05-27
DAL3139,2025-05-23
DAL1397,2025-05-08
NKS2511,2025-05-26
AAL2583,2025-05-12
UAL687,2025-05-28
SWA835,2025-05-30
ASA108,2025-05-24
AAL2463,2025-05-26
NKS2242,2025-05-19
NKS2399,2025-05-07
DAL1209,2025-05-12
AAL2295,2025-05-18
AAL2927,2025-05-19
DAL874,2025-05-29
FFT4157,2025-05-05
AAL2640,2025-05-07
UAL1727,2025-05-08
UAL1750,2025-05-23
UAL1847,2025-05-03
SWA3150,2025-05-17
SWA3873,2025-05-28
DAL1731,2025-05-03
SWA2303,2025-05-23
SWA2118,2025-05-07
AAL2740,2025-05-11
AAL1612,2025-05-21
AAL3188,2025-05-08
SWA4736,2025-05-15
DAL1715,2025-05-05
AAL671,2025-05-12
DAL1421,2025-05-07
AAL3181,2025-05-13
UAL274,2025-05-22
AAL3108,2025-05-18
AAL3059,2025-05-25
FFT1099,2025-05-09
SWA262,2025-05-19
SWA1425,2025-05-13
SWA2821,2025-05-23
SWA1947,2025-05-08
FFT4247,2025-05-30
ASA883,2025-05-10
AAL1326,2025-05-13
DAL1577,2025-05-20
UAL1709,2025-05-13
AAY297,2025-05-08
SWA522,2025-05-18
UAL2200,2025-05-15
SWA2506,2025-05-11
DAL1606,2025-05-27
NKS2662,2025-05-30
AAL981,2025-05-02
SWA1910,2025-05-15
AAY1459,2025-05-31
NKS2049,2025-05-15
SWA1532,2025-05-17
AAL338,2025-05-08
SWA1654,2025-05-16
AAL2830,2025-05-12
DAL2649,2025-05-21
SWA3760,2025-05-05
AAL2142,2025-05-28
AAY1400,2025-05-21
DAL678,2025-05-21
ASA1259,2025-05-23
JBU1543,2025-05-25
DAL2656,2025-05-12
AAY2598,2025-05-05
SWA2655,2025-05-10
AAL436,2025-05-04
AAY1453,2025-05-12
SWA2080,2025-05-27
SWA1667,2025-05-31
DAL324,2025-05-27
AAY1630,2025-05-01
UAL1727,2025-05-18
FFT4964,2025-05-07
UAL1140,2025-05-19
DAL3012,2025-05-10
SWA1597,2025-05-13
DAL1153,2025-05-22
DAL1558,2025-05-01
SWA855,2025-05-08
SWA2635,2025-05-27
DAL1615,2025-05-01
AAL1391,2025-05-20
UAL2270,2025-05-07
DAL355,2025-05-19
AAL1201,2025-05-11
DAL1109,2025-05-26
DAL1274,2025-05-21
UAL2425,2025-05-01
SWA1493,2025-05-13
UAL1933,2025-05-14
AAL1914,2025-05-05
DAL1214,2025-05-25
ASA643,2025-05-15
UAL520,2025-05-02
AAL3143,2025-05-30
AAL561,2025-05-12
ASA219,2025-05-02
UAL1051,2025-05-25
DAL2048,2025-05-19
SWA786,2025-05-19
AAL365,2025-05-01
DAL2584,2025-05-06
UAL1695,2025-05-28
SWA1991,2025-05-11
DAL1181,2025-05-05
DAL2734,2025-05-12
NKS2205,2025-05-19
DAL2818,2025-05-13
UAL291,2025-05-21
UAL445,2025-05-09
UAL1338,2025-05-11
JBU1890,2025-05-11
DAL3094,2025-05-08
SWA1053,2025-05-01
SWA418,2025-05-16
DAL2355,2025-05-02
NKS2609,2025-05-25
FFT2445,2025-05-31
ASA1096,2025-05-23
FFT3305,2025-05-30
SWA1524,2025-05-21
UAL1884,2025-05-31
AAL3134,2025-05-08
DAL2082,2025-05-09
SWA4947,2025-05-25
DAL2261,2025-05-29
DAL1181,2025-05-14
DAL2118,2025-05-30
DAL3014,2025-05-14
DAL2755,2025-05-25
NKS2020,2025-05-24
AAL2757,2025-05-20
SWA2202,2025-05-01
UAL2127,2025-05-29
DAL2020,2025-05-29
AAY25,2025-05-31
ASA975,2025-05-01
AAL3001,2025-05-03
SWA3148,2025-05-27
SWA957,2025-05-08
AAL2470,2025-05-12
AAL303,2025-05-12
UAL2124,2025-05-07
DAL1559,2025-05-18
AAL1365,2025-05-24
DAL3040,2025-05-15
AAL1332,2025-05-04
FFT1673,2025-05-01
SWA1997,2025-05-06
SWA2905,2025-05-28
DAL1704,2025-05-19
UAL2183,2025-05-10
SWA1756,2025-05-29
AAL3193,2025-05-13
UAL1977,2025-05-05
JBU278,2025-05-05
UAL1765,2025-05-26
UAL616,2025-05-14
AAL2266,2025-05-13
NKS2753,2025-05-15
UAL1786,2025-05-27
AAL2378,2025-05-12
NKS2342,2025-05-11
AAL1462,2025-05-19
HAL339,2025-05-18
SWA839,2025-05-04
DAL420,2025-05-14
AAL1609,2025-05-09
DAL1654,2025-05-11
AAL2319,2025-05-29
NKS2318,2025-05-18
SWA2416,2025-05-19
SWA2497,2025-05-15
AAL1101,2025-05-30
DAL1208,2025-05-01
DAL1374,2025-05-12
SWA2328,2025-05-16
SWA1742,2025-05-31
AAL2900,2025-05-26
SWA2883,2025-05-14
SWA3225,2025-05-31
DAL1409,2025-05-06
DAL2736,2025-05-19
ASA366,2025-05-10
SWA3267,2025-05-05
DAL1637,2025-05-28
AAL3112,2025-05-27
AAL3230,2025-05-02
NKS555,2025-05-04
AAL682,2025-05-16
NKS2099,2025-05-17
AAL1443,2025-05-10
SWA2784,2025-05-02
UAL221,2025-05-10
SWA3549,2025-05-08
DAL848,2025-05-14
NKS2698,2025-05-14
UAL1057,2025-05-26
SWA4489,2025-05-18
SWA2887,2025-05-05
FFT2745,2025-05-19
SWA4075,2025-05-12
UAL2170,2025-05-12
UAL1168,2025-05-16
HAL293,2025-05-17
DAL2094,2025-05-09
SWA1545,2025-05-01
JBU1287,2025-05-02
SWA3841,2025-05-02
JBU1081,2025-05-08
UAL1128,2025-05-29
AAL1487,2025-05-26
SWA636,2025-05-31
JBU2073,2025-05-13
JBU1159,2025-05-28
UAL664,2025-05-21
AAL2303,2025-05-17
HAL228,2025-05-06
AAL1653,2025-05-23
JBU315,2025-05-08
UAL1845,2025-05-04
NKS2062,2025-05-14
DAL2231,2025-05-19
AAL2140,2025-05-08
UAL729,2025-05-12
AAL2635,2025-05-14
AAL2105,2025-05-27
DAL2848,2025-05-19
AAL1727,2025-05-03
DAL2303,2025-05-07
AAL1956,2025-05-28
DAL1737,2025-05-31
AAY561,2025-05-11
SWA2921,2025-05-11
SWA2052,2025-05-25
UAL440,2025-05-23
AAL3258,2025-05-01
AAL1101,2025-05-06
ASA137,2025-05-05
UAL2426,2025-05-25
SWA1008,2025-05-17
AAL1625,2025-05-27
UAL2385,2025-05-31
SWA2979,2025-05-16
SWA1572,2025-05-11
FFT1008,2025-05-18
DAL1961,2025-05-28
DAL2746,2025-05-27
SWA3227,2025-05-04
FFT1305,2025-05-04
SWA3719,2025-05-14
DAL1189,2025-05-01
SWA1292,2025-05-22
UAL1377,2025-05-21
ASA313,2025-05-09
SWA1438,2025-05-09
UAL1436,2025-05-03
DAL3144,2025-05-21
SWA247,2025-05-27
DAL2293,2025-05-17
AAL2732,2025-05-10
UAL1252,2025-05-02
AAL1521,2025-05-15
AAL117,2025-05-21
SWA2332,2025-05-14
AAL2545,2025-05-27
DAL2923,2025-05-24
NKS2240,2025-05-29
SWA2613,2025-05-04
UAL202,2025-05-21
SWA165,2025-05-14
NKS2142,2025-05-12
SWA3699,2025-05-02
UAL523,2025-05-24
AAL2011,2025-05-30
NKS2476,2025-05-09
AAY2651,2025-05-23
AAL1517,2025-05-30
HAL138,2025-05-26
DAL1380,2025-05-08
ASA870,2025-05-24
AAL3095,2025-05-23
AAL1093,2025-05-07
DAL2445,2025-05-30
UAL2617,2025-05-30
DAL898,2025-05-30
SWA2813,2025-05-13
AAL793,2025-05-10
AAL2878,2025-05-01
UAL502,2025-05-03
DAL2762,2025-05-22
DAL2947,2025-05-17
UAL1394,2025-05-10
SWA2876,2025-05-19
NKS894,2025-05-14
AAL1783,2025-05-06
SWA994,2025-05-20
UAL1728,2025-05-06
FFT4091,2025-05-15
AAL1883,2025-05-23
AAY1463,2025-05-10
DAL823,2025-05-08
SWA2752,2025-05-30
ASA536,2025-05-10
NKS2076,2025-05-10
AAL1893,2025-05-13
AAL1925,2025-05-13
SWA662,2025-05-12
UAL2747,2025-05-14
AAL832,2025-05-05
FFT1204,2025-05-06
SWA1890,2025-05-01
AAL1929,2025-05-03
SWA374,2025-05-28
SWA355,2025-05-17
DAL363,2025-05-28
DAL753,2025-05-09
UAL1834,2025-05-28
SWA3906,2025-05-07
DAL1137,2025-05-14
UAL582,2025-05-27
AAL1737,2025-05-16
UAL2383,2025-05-10
UAL630,2025-05-17
DAL3027,2025-05-19
JBU1293,2025-05-16
FFT2232,2025-05-28
DAL1486,2025-05-14
SWA3304,2025-05-10
DAL1587,2025-05-18
FFT1841,2025-05-27
DAL1384,2025-05-19
DAL2367,2025-05-07
SWA4102,2025-05-16
SWA2891,2025-05-09
ASA381,2025-05-16
AAL2979,2025-05-17
SWA4262,2025-05-12
SWA1053,2025-05-24
UAL1127,2025-05-07
UAL652,2025-05-04
DAL2770,2025-05-02
SWA2431,2025-05-16
FFT2410,2025-05-16
AAY1320,2025-05-11
AAL1380,2025-05-26
ASA418,2025-05-02
SWA1330,2025-05-29
AAL3061,2025-05-18
AAL1666,2025-05-21
DAL1197,2025-05-02
DAL2995,2025-05-22
DAL2520,2025-05-14
SWA1129,2025-05-02
AAL1295,2025-05-24
ASA1227,2025-05-15
AAY2826,2025-05-21
SWA4324,2025-05-22
SWA3249,2025-05-25
DAL827,2025-05-09
DAL1721,2025-05-05
DAL3241,2025-05-02
FFT2215,2025-05-05
SWA776,2025-05-31
UAL531,2025-05-27
DAL2813,2025-05-14
NKS2759,2025-05-18
SWA1925,2025-05-23
UAL277,2025-05-05
DAL2372,2025-05-01
SWA2932,2025-05-15
SWA157,2025-05-23
JBU660,2025-05-12
UAL337,2025-05-04
UAL1458,2025-05-20
UAL1330,2025-05-21
UAL740,2025-05-26
JBU578,2025-05-29
SWA2053,2025-05-19
DAL1352,2025-05-10
SWA1308,2025-05-20
FFT2633,2025-05-07
UAL1752,2025-05-18
UAL295,2025-05-20
SWA398,2025-05-07
UAL2096,2025-05-29
SWA2413,2025-05-10
SWA4299,2025-05-17
ASA648,2025-05-30
DAL1359,2025-05-02
UAL2044,2025-05-01
AAL922,2025-05-03
UAL617,2025-05-30
SWA762,2025-05-13
SWA2943,2025-05-04
UAL1757,2025-05-23
FFT2548,2025-05-20
DAL810,2025-05-27
UAL213,2025-05-24
UAL2266,2025-05-03
UAL1678,2025-05-31
SWA3761,2025-05-14
UAL1734,2025-05-27
DAL715,2025-05-08
AAL1824,2025-05-30
SWA976,2025-05-30
SWA862,2025-05-06
SWA3038,2025-05-09
AAL1461,2025-05-19
NKS2302,2025-05-26
DAL1657,2025-05-14
SWA4239,2025-05-31
DAL2301,2025-05-12
SWA952,2025-05-16
SWA3385,2025-05-29
SWA2836,2025-05-21
ASA350,2025-05-15
DAL2438,2025-05-23
DAL2755,2025-05-14
DAL2941,2025-05-11
UAL590,2025-05-23
JBU2251,2025-05-19
UAL1173,2025-05-31
UAL2153,2025-05-26
UAL1158,2025-05-09
NKS2003,2025-05-26
HAL155,2025-05-02
DAL1214,2025-05-21
FFT2817,2025-05-09
SWA1091,2025-05-13
UAL1477,2025-05-30
AAL2385,2025-05-10
DAL2448,2025-05-21
AAL2250,2025-05-18
DAL2911,2025-05-27
DAL2734,2025-05-08
JBU602,2025-05-23
NKS2518,2025-05-25
UAL1328,2025-05-22
SWA1563,2025-05-30
AAL2151,2025-05-13
AAL2340,2025-05-18
JBU424,2025-05-02
UAL1961,2025-05-16
AAL1209,2025-05-24
DAL2149,2025-05-05
SWA2765,2025-05-08
AAY3776,2025-05-01
AAL2575,2025-05-10
SWA2627,2025-05-21
AAL531,2025-05-05
AAL824,2025-05-04
SWA2128,2025-05-28
HAL278,2025-05-18
SWA3692,2025-05-18
SWA3569,2025-05-02
AAL2890,2025-05-24
UAL2253,2025-05-27
SWA2002,2025-05-28
SWA2435,2025-05-29
DAL2128,2025-05-02
UAL1627,2025-05-24
AAL2877,2025-05-19
DAL999,2025-05-25
AAL1448,2025-05-31
SWA3204,2025-05-16
AAL305,2025-05-27
NKS2669,2025-05-19
JBU699,2025-05-06
NKS298,2025-05-13
NKS2399,2025-05-08
AAL2201,2025-05-15
DAL321,2025-05-21
SWA2699,2025-05-03
SWA2618,2025-05-25
UAL1478,2025-05-15
DAL2050,2025-05-18
SWA2767,2025-05-11
AAL2215,2025-05-10
DAL1590,2025-05-04
JBU526,2025-05-28
SWA3761,2025-05-03
DAL2820,2025-05-05
JBU2592,2025-05-06
AAL479,2025-05-22
AAL2530,2025-05-18
AAL2605,2025-05-15
DAL2071,2025-05-06
AAL3198,2025-05-31
AAL3,2025-05-26
SWA2813,2025-05-14
UAL1544,2025-05-08
DAL2118,2025-05-10
AAL3308,2025-05-18
SWA1994,2025-05-26
NKS2351,2025-05-11
UAL2153,2025-05-21
JBU577,2025-05-19
ASA1034,2025-05-02
JBU2292,2025-05-15
AAL2399,2025-05-05
AAL1311,2025-05-28
UAL354,2025-05-21
UAL1191,2025-05-04
JBU355,2025-05-19
JBU1552,2025-05-30
SWA1446,2025-05-12
DAL2005,2025-05-13
JBU554,2025-05-12
DAL2566,2025-05-05
SWA2287,2025-05-31
UAL1252,2025-05-14
ASA236,2025-05-12
SWA428,2025-05-07
DAL2205,2025-05-05
SWA1882,2025-05-09
DAL1156,2025-05-23
AAL2171,2025-05-23
JBU1754,2025-05-31
AAL2905,2025-05-23
AAL1625,2025-05-20
UAL2276,2025-05-26
AAL1167,2025-05-11
SWA2988,2025-05-03
SWA4620,2025-05-09
DAL2448,2025-05-04
UAL1565,2025-05-16
DAL3014,2025-05-17
SWA4434,2025-05-11
UAL1211,2025-05-24
HAL122,2025-05-26
AAL2666,2025-05-26
JBU1006,2025-05-31
DAL1488,2025-05-27
SWA1509,2025-05-22
ASA1102,2025-05-20
SWA3202,2025-05-28
DAL746,2025-05-30
NKS610,2025-05-01
HAL163,2025-05-14
UAL1946,2025-05-02
UAL785,2025-05-02
DAL2049,2025-05-17
AAL2357,2025-05-13
DAL2983,2025-05-01
NKS2739,2025-05-29
UAL1878,2025-05-07
JBU1002,2025-05-16
ASA55,2025-05-29
AAL3225,2025-05-04
SWA4401,2025-05-14
AAL1638,2025-05-14
SWA2361,2025-05-31
DAL2100,2025-05-13
DAL2354,2025-05-06
SWA1533,2025-05-05
AAL1588,2025-05-01
FFT2060,2025-05-24
UAL360,2025-05-04
DAL852,2025-05-13
DAL885,2025-05-09
SWA1347,2025-05-12
SWA1167,2025-05-03
UAL489,2025-05-16
SWA1264,2025-05-08
JBU1827,2025-05-30
ASA214,2025-05-23
ASA836,2025-05-27
AAL3124,2025-05-25
DAL1234,2025-05-31
DAL2856,2025-05-13
UAL1871,2025-05-21
DAL334,2025-05-16
SWA1748,2025-05-06
DAL2164,2025-05-17
SWA2849,2025-05-17
SWA1289,2025-05-13
UAL513,2025-05-13
ASA64,2025-05-28
SWA3210,2025-05-31
DAL2879,2025-05-18
DAL2621,2025-05-24
UAL501,2025-05-18
AAL1154,2025-05-17
FFT2640,2025-05-27
DAL2044,2025-05-10
HAL523,2025-05-21
UAL2019,2025-05-01
SWA420,2025-05-12
SWA3624,2025-05-08
SWA3598,2025-05-08
AAL417,2025-05-11
NKS388,2025-05-02
AAL1057,2025-05-22
DAL1705,2025-05-09
FFT4346,2025-05-08
DAL3140,2025-05-07
DAL2474,2025-05-22
ASA1011,2025-05-23
UAL1585,2025-05-05
HAL7,2025-05-16
ASA600,2025-05-05
AAL1966,2025-05-09
JBU741,2025-05-08
UAL308,2025-05-26
DAL1682,2025-05-18
AAL2400,2025-05-01
UAL651,2025-05-26
NKS2058,2025-05-09
FFT4371,2025-05-25
AAY647,2025-05-08
UAL1865,2025-05-24
DAL3173,2025-05-04
DAL3200,2025-05-04
UAL1702,2025-05-13
FFT2687,2025-05-07
AAL1114,2025-05-03
UAL1863,2025-05-25
SWA4290,2025-05-16
DAL2396,2025-05-09
AAL1390,2025-05-10
SWA1136,2025-05-25
ASA1321,2025-05-29
AAY9,2025-05-05
SWA1599,2025-05-29
AAL1105,2025-05-07
AAL391,2025-05-16
DAL1580,2025-05-29
DAL1553,2025-05-13
AAY1036,2025-05-01
FFT3247,2025-05-10
FFT2483,2025-05-17
UAL2455,2025-05-28
UAL1586,2025-05-09
DAL3147,2025-05-17
SWA5487,2025-05-13
HAL6,2025-05-26
UAL1744,2025-05-09
SWA1532,2025-05-10
SWA4552,2025-05-01
UAL384,2025-05-08
AAY663,2025-05-24
DAL1146,2025-05-06
UAL1680,2025-05-09
AAL2676,2025-05-01
SWA3564,2025-05-17
DAL2185,2025-05-29
DAL2209,2025-05-27
SWA1187,2025-05-19
DAL728,2025-05-30
AAY2667,2025-05-26
DAL999,2025-05-23
SWA2753,2025-05-31
UAL1813,2025-05-21
AAL1031,2025-05-10
JBU372,2025-05-28
FFT2339,2025-05-16
AAL1680,2025-05-23
UAL2463,2025-05-12
UAL1372,2025-05-26
UAL2172,2025-05-06
NKS208,2025-05-06
DAL2810,2025-05-13
AAL1012,2025-05-10
SWA2771,2025-05-19
DAL1726,2025-05-03
AAL595,2025-05-16
AAL1865,2025-05-10
DAL408,2025-05-20
UAL2302,2025-05-11
AAL3138,2025-05-19
AAL846,2025-05-11
AAL2321,2025-05-28
SWA3854,2025-05-12
UAL241,2025-05-15
UAL2680,2025-05-20
AAL1782,2025-05-04
ASA177,2025-05-05
AAL794,2025-05-19
AAL347,2025-05-28
AAL2622,2025-05-22
AAY723,2025-05-11
AAY2887,2025-05-22
AAL1655,2025-05-25
DAL332,2025-05-17
UAL1051,2025-05-31
SWA596,2025-05-21
SWA2755,2025-05-31
UAL1734,2025-05-01
AAL700,2025-05-07
ASA600,2025-05-13
AAY480,2025-05-22
JBU1940,2025-05-02
UAL2276,2025-05-05
SWA2305,2025-05-03
AAL2858,2025-05-09
SWA3575,2025-05-26
UAL203,2025-05-18
ASA508,2025-05-28
DAL2946,2025-05-23
AAL2162,2025-05-06
AAL1487,2025-05-16
DAL1060,2025-05-19
SWA1493,2025-05-20
SWA2956,2025-05-01
ASA376,2025-05-19
AAL2712,2025-05-05
DAL2310,2025-05-26
UAL340,2025-05-06
JBU1849,2025-05-25
DAL1564,2025-05-28
AAL1769,2025-05-31
JBU592,2025-05-08
UAL556,2025-05-08
AAL2317,2025-05-29
AAL1674,2025-05-09
SWA1274,2025-05-05
SWA1410,2025-05-03
ASA434,2025-05-08
SWA2336,2025-05-31
DAL726,2025-05-23
UAL413,2025-05-20
SWA2684,2025-05-27
NKS654,2025-05-05
AAL1822,2025-05-18
UAL1032,2025-05-13
SWA3150,2025-05-01
AAL2267,2025-05-27
SWA4786,2025-05-23
DAL2193,2025-05-19
DAL1403,2025-05-24
AAY201,2025-05-29
AAL2314,2025-05-18
HAL256,2025-05-20
SWA3147,2025-05-17
SWA819,2025-05-28
AAL1970,2025-05-08
DAL1892,2025-05-06
AAL3312,2025-05-29
DAL1930,2025-05-14
DAL1037,2025-05-07
SWA2883,2025-05-11
SWA2156,2025-05-25
AAL2086,2025-05-13
UAL211,2025-05-30
UAL594,2025-05-02
DAL2951,2025-05-04
DAL1662,2025-05-31
AAL1232,2025-05-30
DAL2235,2025-05-05
SWA3716,2025-05-31
DAL3127,2025-05-26
SWA106,2025-05-25
SWA105,2025-05-04
SWA2402,2025-05-13
SWA6447,2025-05-16
AAL2058,2025-05-17
SWA1681,2025-05-18
FFT1471,2025-05-03
NKS2258,2025-05-09
UAL1003,2025-05-31
SWA4252,2025-05-18
AAL1275,2025-05-11
SWA172,2025-05-05
DAL2389,2025-05-23
SWA3728,2025-05-17
DAL2868,2025-05-07
FFT4277,2025-05-04
DAL3195,2025-05-03
SWA3373,2025-05-12
SWA947,2025-05-17
SWA1708,2025-05-15
SWA4181,2025-05-11
JBU97,2025-05-08
UAL787,2025-05-12
SWA3590,2025-05-01
AAL432,2025-05-06
ASA323,2025-05-23
ASA67,2025-05-11
UAL1236,2025-05-15
ASA394,2025-05-21
DAL2347,2025-05-17
JBU1252,2025-05-12
SWA2086,2025-05-04
SWA4420,2025-05-11
JBU1386,2025-05-23
SWA4313,2025-05-08
SWA1855,2025-05-16
UAL2311,2025-05-11
AAL2034,2025-05-24
UAL403,2025-05-08
SWA943,2025-05-15
AAL1466,2025-05-10
HAL138,2025-05-05
FFT1101,2025-05-03
DAL2372,2025-05-21
HAL7,2025-05-25
DAL534,2025-05-28
SWA1578,2025-05-17
DAL2117,2025-05-15
AAL1660,2025-05-14
ASA573,2025-05-29
AAL1153,2025-05-02
SWA2998,2025-05-19
SWA4793,2025-05-14
DAL1430,2025-05-05
NKS2578,2025-05-26
SWA2006,2025-05-22
AAL3248,2025-05-06
AAL2147,2025-05-12
AAL3147,2025-05-14
SWA1597,2025-05-31
SWA2193,2025-05-03
ASA1101,2025-05-09
UAL2479,2025-05-09
UAL1499,2025-05-21
AAL2688,2025-05-03
DAL2532,2025-05-02
FFT687,2025-05-17
UAL253,2025-05-20
FFT4874,2025-05-11
AAL2712,2025-05-24
DAL1598,2025-05-25
UAL2649,2025-05-01
UAL280,2025-05-21
UAL1315,2025-05-07
UAL1654,2025-05-12
AAL600,2025-05-24
JBU696,2025-05-05
DAL853,2025-05-07
DAL2976,2025-05-03
ASA1135,2025-05-30
SWA2863,2025-05-04
UAL1829,2025-05-16
JBU577,2025-05-16
SWA2528,2025-05-24
DAL1468,2025-05-03
UAL530,2025-05-16
DAL1365,2025-05-29
NKS2470,2025-05-08
SWA2757,2025-05-05
UAL596,2025-05-09
AAL2813,2025-05-27
AAL1184,2025-05-18
SWA53,2025-05-18
UAL2445,2025-05-28
SWA4193,2025-05-27
AAL1962,2025-05-03
AAL1692,2025-05-13
NKS2360,2025-05-23
AAL1977,2025-05-30
SWA1807,2025-05-23
AAL2381,2025-05-08
UAL1286,2025-05-02
DAL736,2025-05-18
AAL1251,2025-05-06
NKS3998,2025-05-14
SWA2153,2025-05-28
FFT3452,2025-05-22
DAL1950,2025-05-15
SWA2684,2025-05-14
DAL1408,2025-05-11
UAL2643,2025-05-19
AAL869,2025-05-30
UAL2293,2025-05-20
ASA1324,2025-05-17
SWA897,2025-05-11
DAL2293,2025-05-01
DAL3084,2025-05-07
ASA974,2025-05-11
FFT4753,2025-05-20
AAL1585,2025-05-22
FFT3581,2025-05-12
AAL1501,2025-05-28
DAL820,2025-05-15
SWA3652,2025-05-26
ASA1217,2025-05-03
JBU195,2025-05-31
AAL2372,2025-05-25
UAL1666,2025-05-05
JBU451,2025-05-14
AAY2737,2025-05-04
ASA4,2025-05-15
SWA1580,2025-05-11
AAL1460,2025-05-05
SWA2925,2025-05-05
AAY3780,2025-05-05
SWA1844,2025-05-22
DAL2590,2025-05-16
SWA1150,2025-05-04
SWA487,2025-05-13
SWA2945,2025-05-22
DAL3028,2025-05-16
AAL1949,2025-05-17
AAL2236,2025-05-14
AAL3316,2025-05-26
SWA1905,2025-05-13
ASA1150,2025-05-17
AAL1104,2025-05-30
NKS3995,2025-05-17
SWA4817,2025-05-04
AAL1735,2025-05-26
SWA2883,2025-05-06
AAY696,2025-05-17
DAL3182,2025-05-21
JBU768,2025-05-02
AAY1078,2025-05-11
DAL750,2025-05-26
AAL2906,2025-05-17
UAL2035,2025-05-02
AAL1873,2025-05-25
SWA4114,2025-05-12
AAL2875,2025-05-18
ASA1012,2025-05-23
SWA2941,2025-05-16
UAL2217,2025-05-31
SWA3784,2025-05-23
AAL3141,2025-05-29
SWA725,2025-05-19
SWA2681,2025-05-05
DAL664,2025-05-18
ASA61,2025-05-11
DAL2892,2025-05-13
SWA3203,2025-05-11
AAL1879,2025-05-25
AAL1221,2025-05-30
UAL1775,2025-05-24
DAL2609,2025-05-16
SWA1179,2025-05-18
SWA4005,2025-05-26
AAY1042,2025-05-03
DAL1467,2025-05-11
AAL1263,2025-05-13
SWA472,2025-05-21
SWA2396,2025-05-24
AAL2287,2025-05-18
SWA615,2025-05-04
DAL1004,2025-05-04
DAL2886,2025-05-29
HAL624,2025-05-09
AAY1296,2025-05-19
DAL3133,2025-05-13
AAL3095,2025-05-10
UAL724,2025-05-01
AAL2812,2025-05-06
NKS811,2025-05-03
FFT3073,2025-05-18
DAL2580,2025-05-28
FFT1714,2025-05-01
AAL2238,2025-05-10
SWA4328,2025-05-23
ASA55,2025-05-30
DAL850,2025-05-29
SWA1297,2025-05-21
UAL2363,2025-05-29
UAL1430,2025-05-16
AAL967,2025-05-02
NKS586,2025-05-02
FFT3439,2025-05-30
AAL2472,2025-05-13
AAL1014,2025-05-11
AAY375,2025-05-11
AAL1889,2025-05-30
SWA4364,2025-05-03
DAL1533,2025-05-13
AAY77,2025-05-02
UAL1329,2025-05-03
AAY337,2025-05-22
FFT3540,2025-05-12
SWA2081,2025-05-01
SWA1556,2025-05-08
UAL2468,2025-05-06
SWA2311,2025-05-24
DAL775,2025-05-07
UAL217,2025-05-21
DAL1367,2025-05-05
JBU400,2025-05-01
SWA1662,2025-05-25
DAL2117,2025-05-08
FFT3220,2025-05-17
UAL1371,2025-05-17
SWA404,2025-05-26
JBU959,2025-05-28
AAL2689,2025-05-08
DAL935,2025-05-15
HAL41,2025-05-05
SWA496,2025-05-12
SWA3280,2025-05-29
AAL3048,2025-05-02
ASA61,2025-05-14
DAL2518,2025-05-21
AAY2411,2025-05-28
UAL2600,2025-05-09
DAL946,2025-05-20
SWA4374,2025-05-15
DAL847,2025-05-24
SWA4164,2025-05-12
DAL927,2025-05-21
AAL1212,2025-05-10
AAL2358,2025-05-03
DAL2638,2025-05-03
JBU538,2025-05-20
AAL1321,2025-05-26
DAL3036,2025-05-07
ASA296,2025-05-30
AAL2667,2025-05-30
SWA3710,2025-05-23
DAL2544,2025-05-04
NKS2643,2025-05-11
FFT3314,2025-05-19
SWA3576,2025-05-29
UAL397,2025-05-29
DAL309,2025-05-19
DAL2828,2025-05-20
AAL1598,2025-05-31
SWA645,2025-05-08
AAL3148,2025-05-29
AAL958,2025-05-28
DAL2612,2025-05-25
UAL1301,2025-05-10
UAL1107,2025-05-16
DAL1243,2025-05-14
FFT4156,2025-05-04
DAL2189,2025-05-17
DAL488,2025-05-19
AAL2449,2025-05-14
AAL370,2025-05-14
AAY2734,2025-05-01
ASA73,2025-05-05
UAL1044,2025-05-26
AAL3308,2025-05-28
AAL2342,2025-05-23
SWA4573,2025-05-26
AAY199,2025-05-19
UAL2684,2025-05-16
AAL1134,2025-05-04
UAL1973,2025-05-29
AAL1640,2025-05-29
SWA2113,2025-05-09
DAL2267,2025-05-20
FFT3738,2025-05-15
SWA2607,2025-05-26
ASA1135,2025-05-28
AAL15,2025-05-07
AAL1413,2025-05-22
DAL920,2025-05-15
JBU1310,2025-05-18
DAL898,2025-05-19
UAL2446,2025-05-12
SWA1149,2025-05-07
UAL787,2025-05-21
DAL2444,2025-05-09
UAL1417,2025-05-08
NKS2689,2025-05-25
DAL1506,2025-05-29
AAL1276,2025-05-21
AAL2347,2025-05-25
UAL1928,2025-05-27
DAL660,2025-05-22
AAL1810,2025-05-05
AAL3258,2025-05-06
AAL1040,2025-05-10
AAL3055,2025-05-06
JBU2292,2025-05-13
HAL634,2025-05-18
UAL2486,2025-05-04
NKS2126,2025-05-10
SWA2704,2025-05-28
UAL1257,2025-05-28
AAY1094,2025-05-04
SWA2037,2025-05-18
AAL1836,2025-05-30
DAL1609,2025-05-01
UAL517,2025-05-04
DAL355,2025-05-21
SWA4105,2025-05-06
UAL2655,2025-05-03
ASA478,2025-05-20
SWA3491,2025-05-04
ASA1038,2025-05-21
AAY1038,2025-05-19
UAL512,2025-05-12
UAL2278,2025-05-24
AAL2242,2025-05-20
UAL2468,2025-05-13
SWA894,2025-05-15
AAL2340,2025-05-20
UAL1753,2025-05-04
SWA298,2025-05-25
NKS2257,2025-05-25
ASA904,2025-05-15
AAL2609,2025-05-18
JBU562,2025-05-10
SWA1036,2025-05-30
SWA3026,2025-05-12
UAL561,2025-05-16
UAL2669,2025-05-01
NKS2174,2025-05-08
NKS2434,2025-05-25
AAL2105,2025-05-06
JBU706,2025-05-01
AAL3286,2025-05-05
ASA1147,2025-05-31
AAY383,2025-05-01
UAL1702,2025-05-24
DAL909,2025-05-07
AAL2496,2025-05-28
SWA2140,2025-05-21
DAL2881,2025-05-20
AAL2109,2025-05-11
DAL2681,2025-05-05
UAL1296,2025-05-29
UAL1603,2025-05-07
SWA3913,2025-05-14
SWA1177,2025-05-03
UAL2428,2025-05-02
NKS3996,2025-05-06
SWA1783,2025-05-14
SWA4289,2025-05-25
UAL511,2025-05-30
SWA3421,2025-05-28
NKS2155,2025-05-07
ASA64,2025-05-20
UAL1992,2025-05-18
ASA1216,2025-05-04
NKS1010,2025-05-01
DAL1205,2025-05-17
FFT1040,2025-05-17
SWA898,2025-05-18
AAY1091,2025-05-25
UAL393,2025-05-23
JBU2695,2025-05-30
AAL1845,2025-05-14
DAL2946,2025-05-09
UAL2290,2025-05-16
JBU1690,2025-05-09
DAL2653,2025-05-07
UAL1687,2025-05-21
AAL1356,2025-05-10
HAL103,2025-05-26
AAL1722,2025-05-19
UAL1891,2025-05-12
SWA2557,2025-05-22
DAL683,2025-05-13
DAL2994,2025-05-30
SWA4388,2025-05-16
DAL3020,2025-05-29
SWA3086,2025-05-23
NKS913,2025-05-01
FFT1713,2025-05-11
SWA4007,2025-05-15
AAL1356,2025-05-25
SWA2236,2025-05-27
AAL1832,2025-05-11
SWA372,2025-05-30
AAL3186,2025-05-09
UAL222,2025-05-01
AAL1461,2025-05-30
NKS2146,2025-05-07
SWA1283,2025-05-19
UAL1810,2025-05-21
UAL318,2025-05-27
AAY2639,2025-05-26
ASA1084,2025-05-23
SWA2370,2025-05-09
AAL2243,2025-05-12
AAL3078,2025-05-22
UAL1190,2025-05-17
UAL2863,2025-05-08
DAL1488,2025-05-10
SWA1948,2025-05-17
SWA178,2025-05-02
SWA251,2025-05-19
DAL3199,2025-05-25
UAL1406,2025-05-28
SWA4391,2025-05-22
JBU1177,2025-05-02
AAL1867,2025-05-24
NKS2417,2025-05-31
DAL1516,2025-05-13
JBU1160,2025-05-24
DAL2550,2025-05-10
SWA1576,2025-05-28
ASA1156,2025-05-16
AAY3239,2025-05-23
AAL1286,2025-05-13
FFT4793,2025-05-25
SWA823,2025-05-31
JBU97,2025-05-14
SWA1561,2025-05-09
AAL891,2025-05-29
SWA2437,2025-05-05
DAL449,2025-05-01
AAL3161,2025-05-28
FFT4118,2025-05-24
SWA1192,2025-05-15
NKS2390,2025-05-09
SWA3167,2025-05-05
DAL954,2025-05-11
SWA3749,2025-05-30
AAL986,2025-05-11
SWA3553,2025-05-04
AAL1820,2025-05-28
SWA27,2025-05-26
UAL204,2025-05-18
SWA2257,2025-05-12
UAL2373,2025-05-20
DAL2125,2025-05-13
SWA3076,2025-05-30
UAL2424,2025-05-31
DAL932,2025-05-09
DAL3144,2025-05-13
DAL2889,2025-05-05
SWA1845,2025-05-18
SWA4510,2025-05-23
AAL3248,2025-05-21
DAL2515,2025-05-04
DAL1589,2025-05-21
FFT1746,2025-05-16
JBU71,2025-05-20
AAL867,2025-05-08
SWA1426,2025-05-26
DAL1471,2025-05-01
SWA1738,2025-05-04
JBU217,2025-05-18
AAL2124,2025-05-11
DAL1070,2025-05-28
FFT3985,2025-05-16
AAL1772,2025-05-11
UAL1353,2025-05-08
NKS2015,2025-05-30
SWA3848,2025-05-10
AAL682,2025-05-23
FFT2981,2025-05-24
DAL1089,2025-05-02
AAL3134,2025-05-25
SWA3459,2025-05-01
DAL2114,2025-05-03
FFT1264,2025-05-30
AAL2720,2025-05-12
DAL1184,2025-05-24
AAL1270,2025-05-31
SWA3182,2025-05-06
AAL2416,2025-05-27
UAL1205,2025-05-05
UAL1044,2025-05-31
SWA941,2025-05-18
UAL2311,2025-05-14
ASA460,2025-05-17
AAL1680,2025-05-22
SWA3918,2025-05-31
UAL2745,2025-05-18
DAL1245,2025-05-24
DAL1542,2025-05-10
SWA2403,2025-05-30
ASA644,2025-05-20
SWA925,2025-05-01
SWA1975,2025-05-17
DAL878,2025-05-21
AAL2126,2025-05-31
UAL1736,2025-05-08
DAL1434,2025-05-27
AAL2551,2025-05-18
SWA106,2025-05-18
SWA1511,2025-05-21
UAL690,2025-05-24
DAL2282,2025-05-20
ASA432,2025-05-03
AAL1445,2025-05-13
DAL3078,2025-05-30
ASA168,2025-05-14
SWA251,2025-05-21
FFT2340,2025-05-26
FFT3390,2025-05-08
SWA2051,2025-05-04
DAL1621,2025-05-15
AAL254,2025-05-19
SWA2415,2025-05-20
SWA2116,2025-05-20
DAL2946,2025-05-18
SWA2040,2025-05-04
UAL654,2025-05-30
FFT3853,2025-05-18
DAL373,2025-05-16
AAL2886,2025-05-30
SWA1704,2025-05-24
JBU317,2025-05-23
SWA3309,2025-05-28
SWA1693,2025-05-10
DAL2313,2025-05-29
AAL2594,2025-05-02
DAL1042,2025-05-26
AAL1119,2025-05-02
FFT1243,2025-05-05
AAL1376,2025-05-20
DAL2441,2025-05-12
HAL267,2025-05-29
AAL2940,2025-05-15
JBU1601,2025-05-08
AAL2993,2025-05-15
ASA1480,2025-05-10
DAL1121,2025-05-26
AAL1056,2025-05-07
DAL2078,2025-05-30
DAL838,2025-05-01
SWA1762,2025-05-04
AAL2493,2025-05-28
ASA971,2025-05-12
AAL1790,2025-05-31
UAL2249,2025-05-08
UAL2347,2025-05-03
AAL1184,2025-05-26
UAL2277,2025-05-12
SWA2305,2025-05-04
DAL2059,2025-05-08
AAY2476,2025-05-23
JBU888,2025-05-02
ASA510,2025-05-11
NKS586,2025-05-05
DAL406,2025-05-28
DAL2695,2025-05-18
DAL1281,2025-05-30
UAL352,2025-05-28
UAL245,2025-05-05
HAL32,2025-05-10
AAL986,2025-05-10
DAL2192,2025-05-13
HAL515,2025-05-23
NKS2012,2025-05-21
SWA491,2025-05-15
AAL608,2025-05-09
UAL680,2025-05-03
JBU1700,2025-05-12
FFT1237,2025-05-25
DAL2068,2025-05-21
UAL1382,2025-05-13
SWA3504,2025-05-01
SWA1674,2025-05-10
ASA395,2025-05-31
JBU722,2025-05-16
SWA2316,2025-05-12
UAL649,2025-05-01
AAL2150,2025-05-22
UAL1511,2025-05-14
ASA505,2025-05-09
AAL1406,2025-05-31
SWA855,2025-05-04
SWA2971,2025-05-21
AAL2409,2025-05-22
UAL602,2025-05-27
JBU128,2025-05-11
AAL3145,2025-05-26
UAL1827,2025-05-07
SWA3518,2025-05-30
SWA356,2025-05-05
DAL560,2025-05-17
SWA1231,2025-05-02
DAL2600,2025-05-31
UAL1558,2025-05-14
UAL2610,2025-05-07
AAL2091,2025-05-15
DAL1913,2025-05-24
FFT2920,2025-05-25
DAL1128,2025-05-17
SWA3873,2025-05-26
UAL1429,2025-05-28
UAL2316,2025-05-06
SWA3088,2025-05-19
AAY1460,2025-05-24
SWA309,2025-05-26
DAL2381,2025-05-22
DAL2251,2025-05-02
UAL446,2025-05-06
SWA3676,2025-05-11
ASA1485,2025-05-05
UAL1620,2025-05-02
SWA1671,2025-05-05
AAL1076,2025-05-23
SWA3318,2025-05-20
NKS2638,2025-05-18
DAL3029,2025-05-01
DAL656,2025-05-04
DAL1388,2025-05-26
SWA266,2025-05-04
DAL2145,2025-05-14
DAL2627,2025-05-14
DAL2328,2025-05-02
AAL402,2025-05-31
FFT2445,2025-05-27
AAL1536,2025-05-21
AAL1844,2025-05-08
DAL2159,2025-05-07
NKS2376,2025-05-31
SWA2400,2025-05-17
DAL2499,2025-05-14
SWA3760,2025-05-01
UAL738,2025-05-22
SWA1173,2025-05-02
SWA1580,2025-05-17
DAL3036,2025-05-01
AAL1564,2025-05-19
AAL1389,2025-05-26
SWA4768,2025-05-14
JBU126,2025-05-07
SWA2245,2025-05-22
FFT4753,2025-05-09
DAL2022,2025-05-03
AAL2225,2025-05-01
AAL1718,2025-05-17
AAY1850,2025-05-30
SWA3033,2025-05-13
AAL1789,2025-05-10
AAL1254,2025-05-24
SWA3469,2025-05-09
SWA1311,2025-05-10
DAL3110,2025-05-01
SWA3378,2025-05-23
SWA2179,2025-05-28
DAL2118,2025-05-18
JBU285,2025-05-22
NKS2528,2025-05-22
DAL2340,2025-05-28
AAL2413,2025-05-18
SWA3678,2025-05-23
SWA3553,2025-05-08
UAL1164,2025-05-08
SWA1737,2025-05-24
SWA496,2025-05-03
AAY191,2025-05-02
AAL2525,2025-05-30
DAL2187,2025-05-13
SWA233,2025-05-06
AAL2257,2025-05-05
SWA687,2025-05-25
AAL3308,2025-05-29
AAL689,2025-05-30
SWA1419,2025-05-24
AAL1460,2025-05-29
SWA3510,2025-05-19
UAL1540,2025-05-09
DAL2848,2025-05-22
HAL536,2025-05-01
SWA980,2025-05-23
DAL1551,2025-05-22
AAL1583,2025-05-22
AAL3018,2025-05-27
DAL2252,2025-05-23
ASA40,2025-05-26
SWA2817,2025-05-15
DAL1404,2025-05-07
SWA3919,2025-05-03
SWA331,2025-05-14
DAL2518,2025-05-08
AAL1250,2025-05-23
DAL1481,2025-05-02
AAL1844,2025-05-03
DAL870,2025-05-02
SWA983,2025-05-03
DAL1946,2025-05-06
SWA1531,2025-05-01
SWA4316,2025-05-31
AAL2719,2025-05-04
AAL3246,2025-05-14
JBU2904,2025-05-07
AAL6,2025-05-18
AAL2563,2025-05-05
JBU125,2025-05-09
AAL1713,2025-05-11
AAL2594,2025-05-18
AAY2126,2025-05-24
DAL1177,2025-05-27
JBU1368,2025-05-18
SWA1853,2025-05-13
FFT3357,2025-05-29
FFT3440,2025-05-16
DAL1025,2025-05-25
DAL2200,2025-05-03
NKS2045,2025-05-15
DAL2184,2025-05-17
HAL17,2025-05-10
AAL2392,2025-05-24
SWA2738,2025-05-22
UAL604,2025-05-13
SWA2985,2025-05-17
UAL1417,2025-05-03
AAL1038,2025-05-09
FFT4891,2025-05-23
AAY1449,2025-05-24
SWA411,2025-05-20
DAL3159,2025-05-26
DAL784,2025-05-26
DAL769,2025-05-28
UAL2033,2025-05-08
AAL2683,2025-05-14
AAL1958,2025-05-07
ASA629,2025-05-06
UAL2185,2025-05-30
ASA155,2025-05-09
DAL2686,2025-05-24
SWA3421,2025-05-11
SWA1800,2025-05-22
SWA868,2025-05-06
AAL1051,2025-05-31
UAL2295,2025-05-10
AAL777,2025-05-29
DAL2242,2025-05-31
DAL1235,2025-05-10
SWA334,2025-05-01
UAL655,2025-05-22
NKS2111,2025-05-23
FFT4116,2025-05-24
DAL1531,2025-05-15
DAL3097,2025-05-13
SWA422,2025-05-21
DAL665,2025-05-27
SWA377,2025-05-22
SWA3307,2025-05-30
SWA2247,2025-05-29
DAL1643,2025-05-08
SWA2471,2025-05-13
JBU1903,2025-05-04
AAL2927,2025-05-17
JBU724,2025-05-01
SWA4197,2025-05-23
SWA3109,2025-05-29
SWA4409,2025-05-31
AAY441,2025-05-24
DAL1513,2025-05-10
SWA2492,2025-05-06
SWA791,2025-05-03
SWA2967,2025-05-22
AAL2282,2025-05-08
SWA2376,2025-05-13
AAL2146,2025-05-20
ASA86,2025-05-15
SWA4509,2025-05-04
SWA1591,2025-05-30
DAL940,2025-05-05
AAL2168,2025-05-12
DAL2649,2025-05-20
SWA1452,2025-05-06
SWA4416,2025-05-11
JBU1144,2025-05-14
AAL1650,2025-05-26
SWA203,2025-05-12
UAL785,2025-05-31
DAL1517,2025-05-20
AAY557,2025-05-23
SWA437,2025-05-30
ASA37,2025-05-12
JBU101,2025-05-10
SWA2476,2025-05-19
UAL514,2025-05-02
ASA106,2025-05-04
SWA2776,2025-05-24
SWA3996,2025-05-25
SWA1882,2025-05-27
DAL2176,2025-05-15
DAL2467,2025-05-17
SWA2998,2025-05-29
UAL2244,2025-05-18
SWA490,2025-05-04
ASA551,2025-05-02
JBU1037,2025-05-20
SWA3467,2025-05-21
UAL1826,2025-05-23
SWA1202,2025-05-16
SWA3287,2025-05-29
UAL2076,2025-05-16
UAL1112,2025-05-30
UAL530,2025-05-18
SWA1375,2025-05-24
DAL899,2025-05-15
SWA2970,2025-05-30
AAY1224,2025-05-25
AAL625,2025-05-28
AAL1791,2025-05-17
SWA398,2025-05-22
AAY647,2025-05-28
ASA548,2025-05-23
DAL2981,2025-05-12
AAL1093,2025-05-01
AAL530,2025-05-31
SWA2958,2025-05-18
UAL1287,2025-05-12
SWA120,2025-05-05
UAL2408,2025-05-18
UAL2102,2025-05-20
DAL3243,2025-05-06
SWA10,2025-05-10
SWA1415,2025-05-14
SWA1456,2025-05-12
UAL1505,2025-05-05
DAL420,2025-05-20
SWA942,2025-05-01
JBU499,2025-05-07
DAL2705,2025-05-28
SWA2101,2025-05-11
DAL2156,2025-05-20
AAY1890,2025-05-12
UAL2747,2025-05-18
SWA291,2025-05-17
SWA3388,2025-05-29
AAL561,2025-05-05
JBU342,2025-05-26
SWA4073,2025-05-18
AAY91,2025-05-15
AAL2957,2025-05-04
ASA301,2025-05-22
AAL2258,2025-05-10
UAL2029,2025-05-27
DAL3062,2025-05-03
UAL709,2025-05-31
SWA468,2025-05-30
NKS770,2025-05-02
HAL41,2025-05-08
JBU1728,2025-05-27
NKS2579,2025-05-07
AAL2950,2025-05-30
DAL371,2025-05-01
UAL493,2025-05-11
AAL2974,2025-05-02
SWA3494,2025-05-13
AAY991,2025-05-21
DAL3090,2025-05-14
SWA3467,2025-05-29
UAL1334,2025-05-08
JBU569,2025-05-24
SWA3589,2025-05-15
NKS2457,2025-05-25
JBU348,2025-05-22
AAL1510,2025-05-02
AAL2034,2025-05-25
SWA866,2025-05-17
SWA1321,2025-05-04
AAL2358,2025-05-28
UAL2094,2025-05-27
DAL1073,2025-05-26
UAL1232,2025-05-25
SWA3093,2025-05-28
UAL2683,2025-05-22
SWA2801,2025-05-16
AAY986,2025-05-08
DAL2267,2025-05-19
UAL513,2025-05-21
DAL738,2025-05-26
SWA2571,2025-05-17
DAL2374,2025-05-15
DAL751,2025-05-20
UAL1846,2025-05-31
SWA419,2025-05-11
AAL1333,2025-05-28
DAL1162,2025-05-23
DAL663,2025-05-21
SWA513,2025-05-03
SWA361,2025-05-21
NKS2194,2025-05-25
HAL346,2025-05-18
DAL2991,2025-05-29
AAL1716,2025-05-18
DAL679,2025-05-15
SWA6410,2025-05-31
FFT4170,2025-05-24
UAL375,2025-05-16
SWA2383,2025-05-06
SWA4204,2025-05-27
SWA675,2025-05-30
AAY2556,2025-05-05
AAL1780,2025-05-08
UAL2608,2025-05-02
SWA1049,2025-05-08
AAL1709,2025-05-24
UAL2161,2025-05-12
DAL926,2025-05-29
SWA1926,2025-05-22
AAL2527,2025-05-06
NKS2126,2025-05-19
AAY1099,2025-05-19
DAL2688,2025-05-19
UAL301,2025-05-24
DAL1558,2025-05-08
SWA3313,2025-05-24
SWA3603,2025-05-19
SWA1798,2025-05-21
AAL1979,2025-05-30
NKS878,2025-05-05
SWA1460,2025-05-19
DAL902,2025-05-22
ASA1259,2025-05-18
HAL362,2025-05-09
FFT777,2025-05-19
AAY2199,2025-05-17
UAL1106,2025-05-07
SWA3289,2025-05-09
AAL3046,2025-05-24
SWA2691,2025-05-30
DAL1528,2025-05-07
AAL423,2025-05-14
UAL1247,2025-05-07
UAL1236,2025-05-26
UAL320,2025-05-13
SWA1949,2025-05-17
UAL617,2025-05-11
ASA332,2025-05-15
DAL2535,2025-05-12
SWA262,2025-05-31
UAL1057,2025-05-28
JBU1727,2025-05-18
AAL2669,2025-05-25
SWA1763,2025-05-30
NKS2486,2025-05-10
AAL1457,2025-05-03
UAL537,2025-05-03
DAL2725,2025-05-02
SWA2619,2025-05-25
ASA784,2025-05-02
DAL2691,2025-05-23
JBU2186,2025-05-26
DAL2184,2025-05-04
AAL582,2025-05-24
AAL2764,2025-05-04
SWA3857,2025-05-04
AAL1784,2025-05-14
NKS1989,2025-05-30
AAY3094,2025-05-29
UAL2164,2025-05-12
DAL2604,2025-05-28
DAL2587,2025-05-29
AAL2887,2025-05-09
DAL3024,2025-05-07
FFT2791,2025-05-17
DAL1135,2025-05-23
JBU144,2025-05-09
SWA3325,2025-05-11
SWA3425,2025-05-04
SWA1077,2025-05-27
ASA369,2025-05-12
ASA1162,2025-05-15
DAL2909,2025-05-25
JBU1216,2025-05-04
FFT3091,2025-05-16
UAL687,2025-05-09
SWA422,2025-05-18
AAL2352,2025-05-17
AAL2513,2025-05-29
DAL1173,2025-05-19
ASA326,2025-05-27
SWA2989,2025-05-30
AAL1690,2025-05-09
SWA1694,2025-05-01
DAL1695,2025-05-27
UAL1046,2025-05-23
ASA632,2025-05-11
DAL2936,2025-05-18
AAY987,2025-05-04
DAL885,2025-05-29
AAL475,2025-05-04
SWA4223,2025-05-24
AAL1555,2025-05-17
DAL643,2025-05-20
AAL1583,2025-05-20
SWA971,2025-05-06
FFT1291,2025-05-16
AAL3027,2025-05-23
AAY1602,2025-05-17
AAL2238,2025-05-01
DAL762,2025-05-22
JBU1577,2025-05-28
DAL2488,2025-05-22
UAL380,2025-05-19
DAL2846,2025-05-08
DAL2566,2025-05-12
AAL3134,2025-05-21
AAL2161,2025-05-10
DAL459,2025-05-05
SWA2972,2025-05-08
UAL2487,2025-05-07
DAL2293,2025-05-28
SWA611,2025-05-24
SWA2500,2025-05-02
JBU724,2025-05-17
UAL1793,2025-05-06
DAL2339,2025-05-04
UAL1581,2025-05-23
DAL2005,2025-05-16
JBU1223,2025-05-23
AAL2355,2025-05-07
SWA2014,2025-05-16
AAL2775,2025-05-17
DAL2577,2025-05-05
NKS2550,2025-05-13
SWA2368,2025-05-15
SWA1416,2025-05-30
SWA4277,2025-05-02
JBU192,2025-05-01
JBU96,2025-05-20
NKS2582,2025-05-10
UAL1256,2025-05-16
FFT1609,2025-05-11
SWA276,2025-05-15
SWA1402,2025-05-19
AAL1394,2025-05-29
DAL2071,2025-05-08
AAL323,2025-05-12
SWA2268,2025-05-14
NKS2509,2025-05-25
SWA1442,2025-05-13
DAL751,2025-05-09
AAL3197,2025-05-18
SWA2953,2025-05-14
AAL2746,2025-05-29
DAL2463,2025-05-13
SWA4680,2025-05-08
DAL1652,2025-05-11
AAL3070,2025-05-21
SWA816,2025-05-11
ASA1151,2025-05-12
AAL2766,2025-05-29
ASA1202,2025-05-11
SWA1166,2025-05-26
SWA1436,2025-05-23
JBU534,2025-05-28
SWA2535,2025-05-06
DAL1570,2025-05-23
NKS2752,2025-05-09
UAL2248,2025-05-25
AAY1116,2025-05-15
JBU305,2025-05-19
UAL2654,2025-05-29
JBU915,2025-05-15
AAL2362,2025-05-07
SWA2182,2025-05-16
DAL2547,2025-05-18
DAL2119,2025-05-30
JBU906,2025-05-24
SWA1202,2025-05-25
HAL35,2025-05-25
UAL288,2025-05-14
AAL2715,2025-05-15
ASA217,2025-05-17
DAL3223,2025-05-03
AAL513,2025-05-22
JBU1854,2025-05-14
AAL3146,2025-05-04
AAL1038,2025-05-15
DAL2336,2025-05-26
AAL3076,2025-05-08
SWA2619,2025-05-29
DAL1083,2025-05-07
DAL2189,2025-05-20
DAL828,2025-05-04
ASA412,2025-05-14
ASA663,2025-05-11
AAL2846,2025-05-11
SWA2278,2025-05-06
SWA3660,2025-05-14
AAL2690,2025-05-17
DAL717,2025-05-08
AAL526,2025-05-31
DAL3114,2025-05-02
SWA1381,2025-05-01
DAL991,2025-05-23
DAL2157,2025-05-11
ASA105,2025-05-31
FFT1832,2025-05-24
UAL2101,2025-05-31
UAL2666,2025-05-26
SWA1427,2025-05-30
SWA2202,2025-05-05
SWA944,2025-05-10
DAL535,2025-05-30
SWA222,2025-05-22
UAL2423,2025-05-18
ASA515,2025-05-01
SWA3482,2025-05-19
FFT2510,2025-05-19
AAL1582,2025-05-05
DAL2642,2025-05-26
AAL2568,2025-05-17
DAL2582,2025-05-07
JBU1033,2025-05-09
UAL2216,2025-05-28
JBU1785,2025-05-11
SWA716,2025-05-18
AAL3196,2025-05-25
SWA265,2025-05-14
UAL397,2025-05-10
AAY3026,2025-05-30
DAL2047,2025-05-03
DAL1563,2025-05-06
ASA821,2025-05-01
SWA1246,2025-05-24
UAL1791,2025-05-12
UAL2633,2025-05-05
NKS2602,2025-05-12
DAL937,2025-05-21
UAL2324,2025-05-29
AAL483,2025-05-02
UAL2238,2025-05-13
NKS903,2025-05-01
SWA1151,2025-05-04
FFT4766,2025-05-06
AAL1427,2025-05-26
UAL1351,2025-05-06
DAL553,2025-05-28
SWA746,2025-05-15
SWA1151,2025-05-05
SWA2760,2025-05-06
UAL2114,2025-05-16
AAL3316,2025-05-11
AAL1753,2025-05-18
ASA317,2025-05-28
DAL3118,2025-05-08
AAL1686,2025-05-03
SWA4515,2025-05-12
UAL609,2025-05-29
SWA3757,2025-05-07
UAL2661,2025-05-21
DAL2135,2025-05-14
AAL1247,2025-05-03
UAL2008,2025-05-14
UAL2193,2025-05-24
AAL778,2025-05-11
DAL449,2025-05-10
DAL813,2025-05-09
SWA552,2025-05-14
ASA572,2025-05-09
SWA3223,2025-05-11
SWA2808,2025-05-18
SWA3327,2025-05-18
AAL2610,2025-05-22
DAL2741,2025-05-29
NKS2276,2025-05-11
DAL1035,2025-05-27
UAL1525,2025-05-29
UAL2086,2025-05-20
ASA45,2025-05-01
AAL2782,2025-05-15
UAL1878,2025-05-17
SWA57,2025-05-31
AAY3112,2025-05-26
DAL2480,2025-05-11
DAL532,2025-05-15
UAL2100,2025-05-03
DAL2464,2025-05-02
JBU716,2025-05-21
UAL1483,2025-05-21
ASA1228,2025-05-24
AAL1374,2025-05-03
SWA438,2025-05-01
AAY3204,2025-05-19
FFT2294,2025-05-31
SWA952,2025-05-26
UAL435,2025-05-07
AAY2790,2025-05-16
NKS2426,2025-05-08
DAL1574,2025-05-14
DAL2683,2025-05-24
SWA400,2025-05-26
SWA3572,2025-05-14
AAL1858,2025-05-03
JBU1274,2025-05-13
JBU2655,2025-05-31
FFT2634,2025-05-04
AAL2084,2025-05-06
DAL308,2025-05-17
ASA502,2025-05-05
UAL454,2025-05-09
JBU454,2025-05-06
JBU1144,2025-05-21
SWA726,2025-05-06
ASA375,2025-05-22
UAL205,2025-05-09
DAL2217,2025-05-11
AAL2708,2025-05-30
ASA361,2025-05-29
DAL2844,2025-05-15
AAL1029,2025-05-16
DAL2836,2025-05-12
DAL3174,2025-05-01
SWA3398,2025-05-05
DAL2594,2025-05-30
AAL2685,2025-05-07
AAL1597,2025-05-01
SWA3596,2025-05-21
ASA472,2025-05-06
FFT1262,2025-05-11
UAL1660,2025-05-04
SWA4063,2025-05-19
SWA278,2025-05-21
SWA3506,2025-05-24
UAL2198,2025-05-11
UAL602,2025-05-18
DAL926,2025-05-27
UAL1450,2025-05-01
FFT4765,2025-05-04
AAL2232,2025-05-06
AAL2184,2025-05-02
UAL1702,2025-05-11
JBU234,2025-05-15
DAL1269,2025-05-20
NKS2679,2025-05-11
UAL648,2025-05-20
DAL1717,2025-05-12
FFT3588,2025-05-29
AAL1003,2025-05-13
SWA943,2025-05-30
DAL2656,2025-05-19
SWA2271,2025-05-19
AAL9,2025-05-21
DAL865,2025-05-29
ASA432,2025-05-20
UAL1320,2025-05-10
AAL401,2025-05-28
SWA2686,2025-05-26
SWA662,2025-05-06
UAL1719,2025-05-22
AAY1087,2025-05-30
AAL1037,2025-05-17
AAL899,2025-05-02
AAL3056,2025-05-16
DAL874,2025-05-23
JBU105,2025-05-23
SWA784,2025-05-06
SWA2418,2025-05-13
DAL2141,2025-05-31
JBU286,2025-05-23
AAL1361,2025-05-26
DAL339,2025-05-02
AAL2941,2025-05-05
AAY82,2025-05-21
AAL2926,2025-05-07
NKS2801,2025-05-15
DAL531,2025-05-02
SWA323,2025-05-16
ASA347,2025-05-30
SWA2803,2025-05-27
DAL2871,2025-05-16
UAL2393,2025-05-18
DAL3059,2025-05-19
DAL2425,2025-05-04
SWA3442,2025-05-03
AAL1278,2025-05-17
AAL2169,2025-05-24
AAL2899,2025-05-14
DAL2792,2025-05-27
UAL76,2025-05-11
AAL1680,2025-05-13
JBU1241,2025-05-04
DAL2528,2025-05-26
SWA753,2025-05-23
DAL2893,2025-05-24
AAL3099,2025-05-10
DAL869,2025-05-27
AAL1398,2025-05-07
UAL1752,2025-05-31
ASA449,2025-05-23
UAL1965,2025-05-11
JBU1912,2025-05-19
SWA2976,2025-05-17
DAL2634,2025-05-06
SWA1974,2025-05-16
DAL1253,2025-05-29
AAL2534,2025-05-04
FFT2070,2025-05-30
DAL2011,2025-05-11
SWA533,2025-05-06
SWA456,2025-05-06
SWA830,2025-05-02
AAL1245,2025-05-24
DAL2458,2025-05-10
HAL358,2025-05-10
UAL1855,2025-05-26
ASA121,2025-05-11
SWA4249,2025-05-18
DAL2913,2025-05-20
DAL1178,2025-05-04
AAL1683,2025-05-28
AAL2907,2025-05-26
AAY612,2025-05-09
UAL611,2025-05-03
UAL2302,2025-05-08
SWA1403,2025-05-01
AAL2960,2025-05-22
AAL1315,2025-05-19
DAL2742,2025-05-04
SWA1343,2025-05-18
DAL1461,2025-05-31
UAL1754,2025-05-23
SWA6447,2025-05-02
SWA1345,2025-05-29
SWA600,2025-05-02
SWA1547,2025-05-12
SWA4157,2025-05-02
JBU811,2025-05-06
DAL2706,2025-05-12
DAL989,2025-05-09
HAL193,2025-05-13
SWA873,2025-05-27
DAL880,2025-05-31
SWA496,2025-05-10
UAL1631,2025-05-28
SWA1840,2025-05-12
AAL802,2025-05-06
JBU656,2025-05-11
DAL732,2025-05-26
SWA1653,2025-05-04
AAL3127,2025-05-12
AAL2050,2025-05-11
SWA4521,2025-05-03
UAL1286,2025-05-15
JBU136,2025-05-13
DAL1186,2025-05-08
UAL2285,2025-05-11
SWA824,2025-05-03
AAL1283,2025-05-07
DAL3024,2025-05-25
SWA2106,2025-05-13
ASA495,2025-05-08
SWA1901,2025-05-17
DAL3108,2025-05-18
SWA270,2025-05-09
DAL2465,2025-05-26
NKS2585,2025-05-12
AAL2415,2025-05-07
SWA3249,2025-05-27
SWA1649,2025-05-28
SWA1035,2025-05-21
AAL2420,2025-05-09
SWA1264,2025-05-12
UAL393,2025-05-13
AAL1213,2025-05-16
UAL1833,2025-05-26
DAL2911,2025-05-31
SWA3726,2025-05-13
AAL1138,2025-05-25
DAL2586,2025-05-18
AAL1786,2025-05-10
SWA2029,2025-05-12
SWA140,2025-05-23
UAL2455,2025-05-02
JBU577,2025-05-29
AAL2851,2025-05-23
DAL1509,2025-05-18
SWA18,2025-05-03
DAL1339,2025-05-08
SWA2116,2025-05-06
DAL2124,2025-05-21
AAL1589,2025-05-11
DAL2006,2025-05-15
SWA3955,2025-05-22
AAL2690,2025-05-27
JBU1012,2025-05-09
AAL1575,2025-05-13
DAL665,2025-05-04
SWA2612,2025-05-28
NKS297,2025-05-25
DAL1467,2025-05-29
DAL1419,2025-05-09
DAL2070,2025-05-13
DAL915,2025-05-25
UAL1571,2025-05-20
UAL2341,2025-05-10
SWA4723,2025-05-01
AAL1533,2025-05-30
DAL1390,2025-05-16
DAL1375,2025-05-26
UAL475,2025-05-03
DAL1050,2025-05-24
FFT4591,2025-05-05
DAL950,2025-05-30
JBU1211,2025-05-12
JBU2120,2025-05-30
UAL567,2025-05-25
AAL2400,2025-05-11
FFT3311,2025-05-11
UAL1663,2025-05-01
SWA2016,2025-05-24
JBU1447,2025-05-31
SWA3999,2025-05-19
SWA3663,2025-05-09
AAL889,2025-05-22
FFT4541,2025-05-20
AAL592,2025-05-18
AAL522,2025-05-19
SWA4465,2025-05-09
SWA3663,2025-05-27
DAL2787,2025-05-06
SWA2225,2025-05-11
DAL1681,2025-05-17
UAL2131,2025-05-30
SWA4366,2025-05-05
AAL1976,2025-05-31
UAL2384,2025-05-07
SWA4215,2025-05-05
DAL974,2025-05-28
DAL2389,2025-05-14
SWA3425,2025-05-22
DAL2257,2025-05-31
SWA3326,2025-05-12
AAL1501,2025-05-31
DAL1472,2025-05-28
SWA2053,2025-05-03
DAL1553,2025-05-30
DAL1559,2025-05-30
AAL3287,2025-05-06
AAL1141,2025-05-25
ASA65,2025-05-04
FFT1248,2025-05-25
HAL104,2025-05-20
AAL2379,2025-05-10
AAL2166,2025-05-14
DAL2107,2025-05-05
SWA2748,2025-05-22
AAL1459,2025-05-23
UAL1833,2025-05-09
UAL337,2025-05-25
SWA2697,2025-05-16
SWA1690,2025-05-02
AAL1997,2025-05-24
DAL935,2025-05-16
SWA663,2025-05-28
DAL1462,2025-05-15
JBU1552,2025-05-26
JBU264,2025-05-13
NKS2103,2025-05-29
UAL2474,2025-05-21
NKS2187,2025-05-08
AAL1677,2025-05-04
UAL1626,2025-05-16
JBU444,2025-05-22
SWA1409,2025-05-19
DAL2244,2025-05-30
AAL1563,2025-05-28
UAL1971,2025-05-04
AAL1562,2025-05-23
NKS300,2025-05-02
NKS2617,2025-05-25
FFT2292,2025-05-21
DAL1757,2025-05-26
NKS2071,2025-05-12
SWA3561,2025-05-30
AAY455,2025-05-25
AAL2263,2025-05-26
FFT1068,2025-05-11
DAL656,2025-05-19
AAL1178,2025-05-08
AAL2072,2025-05-03
DAL1227,2025-05-12
SWA443,2025-05-20
SWA3454,2025-05-17
UAL2684,2025-05-22
AAL466,2025-05-09
SWA4254,2025-05-30
AAL1589,2025-05-29
ASA462,2025-05-08
SWA757,2025-05-25
AAL2397,2025-05-01
UAL2653,2025-05-03
AAL2575,2025-05-02
DAL1658,2025-05-03
NKS1319,2025-05-02
JBU2786,2025-05-31
HAL553,2025-05-12
ASA70,2025-05-28
AAL2088,2025-05-12
JBU303,2025-05-09
SWA3087,2025-05-23
AAL1214,2025-05-28
NKS2108,2025-05-15
SWA2102,2025-05-12
AAL2504,2025-05-04
SWA1269,2025-05-22
DAL760,2025-05-01
DAL2134,2025-05-29
DAL1062,2025-05-15
AAL1694,2025-05-09
AAL2919,2025-05-17
SWA1695,2025-05-30
SWA422,2025-05-15
SWA3338,2025-05-13
DAL2325,2025-05-16
SWA2773,2025-05-12
SWA2573,2025-05-16
SWA276,2025-05-02
SWA1488,2025-05-13
AAY2951,2025-05-23
NKS2756,2025-05-11
DAL972,2025-05-02
SWA1006,2025-05-17
SWA2973,2025-05-09
SWA3815,2025-05-09
AAL1732,2025-05-22
SWA2115,2025-05-15
DAL1186,2025-05-16
SWA1349,2025-05-31
NKS2520,2025-05-12
DAL3007,2025-05-16
UAL489,2025-05-23
UAL2058,2025-05-02
JBU1912,2025-05-16
DAL2005,2025-05-14
AAL3108,2025-05-22
ASA49,2025-05-26
UAL1395,2025-05-05
AAL1793,2025-05-01
DAL423,2025-05-28
AAL2832,2025-05-29
JBU520,2025-05-23
AAL2978,2025-05-31
UAL2350,2025-05-19
DAL3060,2025-05-23
SWA1412,2025-05-17
AAL1805,2025-05-27
AAL3179,2025-05-25
AAY1196,2025-05-05
SWA2016,2025-05-14
DAL876,2025-05-28
UAL776,2025-05-28
JBU1652,2025-05-05
NKS2454,2025-05-30
SWA383,2025-05-28
FFT3916,2025-05-31
AAL1877,2025-05-02
SWA3603,2025-05-05
DAL1195,2025-05-14
JBU954,2025-05-10
SWA2347,2025-05-13
SWA952,2025-05-19
UAL1401,2025-05-06
SWA206,2025-05-11
DAL795,2025-05-20
SWA1737,2025-05-06
SWA3872,2025-05-07
DAL1671,2025-05-11
DAL2543,2025-05-12
DAL1961,2025-05-31
SWA445,2025-05-14
SWA2521,2025-05-31
UAL709,2025-05-25
DAL1059,2025-05-20
SWA2216,2025-05-30
SWA901,2025-05-28
SWA3689,2025-05-25
SWA3160,2025-05-19
SWA3866,2025-05-13
SWA3729,2025-05-15
DAL1372,2025-05-04
UAL1848,2025-05-16
SWA4793,2025-05-25
AAL530,2025-05-08
AAL2380,2025-05-21
AAL2016,2025-05-18
UAL1013,2025-05-29
SWA693,2025-05-13
AAL1897,2025-05-04
SWA2842,2025-05-24
AAL3102,2025-05-18
UAL1048,2025-05-26
NKS2510,2025-05-10
UAL1344,2025-05-31
UAL1959,2025-05-03
UAL1997,2025-05-21
AAL1100,2025-05-20
UAL2406,2025-05-29
DAL2905,2025-05-08
DAL1325,2025-05-14
DAL961,2025-05-22
AAL297,2025-05-30
SWA4139,2025-05-02
DAL387,2025-05-28
AAL1865,2025-05-28
ASA305,2025-05-22
JBU861,2025-05-09
ASA418,2025-05-29
AAL2476,2025-05-06
JBU404,2025-05-19
DAL1065,2025-05-09
AAL1297,2025-05-22
SWA1839,2025-05-15
UAL2738,2025-05-01
AAL1533,2025-05-14
DAL2253,2025-05-17
DAL2759,2025-05-10
SWA3608,2025-05-01
SWA3881,2025-05-17
HAL264,2025-05-27
SWA2296,2025-05-12
AAL540,2025-05-23
DAL1633,2025-05-26
SWA2222,2025-05-27
AAL1660,2025-05-31
SWA1629,2025-05-06
SWA498,2025-05-21
AAL2524,2025-05-28
SWA1768,2025-05-07
SWA1095,2025-05-27
SWA943,2025-05-31
AAL431,2025-05-04
SWA1349,2025-05-05
DAL2084,2025-05-23
SWA4239,2025-05-25
FFT4811,2025-05-01
AAL2917,2025-05-12
AAL2428,2025-05-12
DAL1682,2025-05-16
UAL1586,2025-05-14
UAL1491,2025-05-11
SWA3821,2025-05-22
DAL2470,2025-05-02
FFT1425,2025-05-15
FFT1928,2025-05-20
AAL2536,2025-05-25
UAL2407,2025-05-30
ASA67,2025-05-28
JBU1131,2025-05-18
AAL2275,2025-05-07
DAL558,2025-05-11
SWA191,2025-05-23
DAL419,2025-05-17
SWA687,2025-05-13
SWA3205,2025-05-26
DAL780,2025-05-22
FFT3293,2025-05-23
AAL2599,2025-05-03
DAL2277,2025-05-10
DAL334,2025-05-06
AAL324,2025-05-31
AAL1517,2025-05-04
UAL214,2025-05-03
AAL1378,2025-05-15
AAL1853,2025-05-01
DAL2155,2025-05-09
SWA3259,2025-05-31
SWA173,2025-05-09
SWA1956,2025-05-30
AAL1423,2025-05-04
AAL2125,2025-05-04
SWA3793,2025-05-25
DAL2462,2025-05-28
ASA628,2025-05-27
JBU1173,2025-05-27
ASA20,2025-05-18
SWA2983,2025-05-04
UAL702,2025-05-20
ASA644,2025-05-23
AAL1421,2025-05-24
DAL2952,2025-05-08
UAL2151,2025-05-06
SWA1997,2025-05-14
UAL2172,2025-05-10
NKS2390,2025-05-10
DAL1700,2025-05-06
AAY1103,2025-05-26
DAL1167,2025-05-24
DAL325,2025-05-23
SWA474,2025-05-26
SWA3403,2025-05-30
SWA4303,2025-05-30
SWA900,2025-05-06
DAL2924,2025-05-08
DAL1143,2025-05-12
SWA1927,2025-05-05
SWA3601,2025-05-21
UAL2197,2025-05-16
FFT4686,2025-05-31
UAL1724,2025-05-25
ASA75,2025-05-04
UAL1839,2025-05-05
UAL540,2025-05-18
FFT4139,2025-05-07
DAL323,2025-05-01
JBU916,2025-05-07
SWA2072,2025-05-31
FFT3861,2025-05-23
JBU2020,2025-05-18
SWA3906,2025-05-31
UAL2155,2025-05-31
SWA4073,2025-05-10
AAL1056,2025-05-03
DAL2963,2025-05-31
AAL2666,2025-05-24
AAL578,2025-05-13
DAL2200,2025-05-25
SWA1428,2025-05-30
AAL2609,2025-05-07
DAL1961,2025-05-23
NKS2757,2025-05-31
SWA3356,2025-05-20
UAL2182,2025-05-15
SWA864,2025-05-22
JBU2766,2025-05-12
DAL2300,2025-05-29
UAL1435,2025-05-30
ASA432,2025-05-14
UAL704,2025-05-21
SWA3459,2025-05-08
DAL2421,2025-05-19
DAL1318,2025-05-02
DAL3165,2025-05-10
AAL3217,2025-05-13
FFT3999,2025-05-27
FFT4611,2025-05-01
SWA2458,2025-05-17
FFT3679,2025-05-05
DAL1030,2025-05-07
UAL2412,2025-05-01
AAL2862,2025-05-05
NKS670,2025-05-03
UAL378,2025-05-11
SWA695,2025-05-07
AAL1791,2025-05-28
ASA555,2025-05-05
UAL1208,2025-05-18
DAL397,2025-05-22
NKS2062,2025-05-30
ASA1025,2025-05-08
UAL1561,2025-05-16
SWA2157,2025-05-04
AAL266,2025-05-26
SWA2377,2025-05-09
DAL3026,2025-05-03
AAL2899,2025-05-04
DAL1444,2025-05-28
SWA442,2025-05-05
AAL1877,2025-05-18
DAL702,2025-05-24
FFT3140,2025-05-01
NKS2632,2025-05-31
SWA2981,2025-05-17
AAY961,2025-05-06
DAL2548,2025-05-05
AAL1672,2025-05-02
DAL423,2025-05-18
UAL1067,2025-05-04
SWA3266,2025-05-18
SWA2669,2025-05-20
AAL1616,2025-05-22
FFT2212,2025-05-26
SWA2999,2025-05-06
DAL2045,2025-05-07
NKS2129,2025-05-14
UAL2009,2025-05-11
AAL1737,2025-05-25
SWA2014,2025-05-22
SWA3674,2025-05-24
SWA2049,2025-05-18
UAL2133,2025-05-29
SWA2976,2025-05-07
DAL462,2025-05-23
AAL1524,2025-05-13
UAL1485,2025-05-20
SWA1339,2025-05-22
DAL2759,2025-05-15
AAL1681,2025-05-01
DAL1156,2025-05-04
AAL1489,2025-05-04
SWA2369,2025-05-19
DAL997,2025-05-29
AAL2109,2025-05-15
SWA280,2025-05-03
DAL2035,2025-05-30
DAL2419,2025-05-26
NKS2418,2025-05-17
SWA2815,2025-05-16
JBU320,2025-05-21
SWA433,2025-05-06
SWA512,2025-05-02
UAL1406,2025-05-14
FFT4602,2025-05-28
AAL3184,2025-05-25
AAL2473,2025-05-09
DAL2237,2025-05-11
DAL1438,2025-05-09
JBU723,2025-05-17
AAL2138,2025-05-21
AAL2895,2025-05-17
AAL457,2025-05-23
FFT3424,2025-05-24
UAL2607,2025-05-12
NKS2456,2025-05-09
SWA1660,2025-05-04
NKS2500,2025-05-23
UAL1006,2025-05-12
ASA1098,2025-05-12
DAL1360,2025-05-19
UAL1097,2025-05-14
JBU377,2025-05-11
SWA2497,2025-05-28
JBU384,2025-05-23
AAL323,2025-05-30
UAL2863,2025-05-14
AAL2823,2025-05-01
SWA1269,2025-05-16
DAL3182,2025-05-26
SWA2397,2025-05-29
FFT3978,2025-05-15
SWA4519,2025-05-21
DAL1481,2025-05-15
SWA1374,2025-05-18
UAL576,2025-05-18
JBU692,2025-05-09
SWA4183,2025-05-02
JBU186,2025-05-19
SWA1589,2025-05-01
UAL561,2025-05-17
UAL2381,2025-05-23
DAL1341,2025-05-04
AAL1048,2025-05-09
SWA1524,2025-05-14
DAL2755,2025-05-24
SWA1940,2025-05-07
AAL2104,2025-05-13
UAL1255,2025-05-05
SWA799,2025-05-10
FFT2060,2025-05-07
DAL1449,2025-05-05
AAL2272,2025-05-04
SWA2315,2025-05-20
DAL2349,2025-05-29
DAL2369,2025-05-19
HAL40,2025-05-13
ASA526,2025-05-30
SWA1892,2025-05-18
SWA2607,2025-05-23
UAL1785,2025-05-15
AAL523,2025-05-30
NKS2162,2025-05-24
DAL3049,2025-05-03
UAL2363,2025-05-17
AAL1630,2025-05-13
AAL1263,2025-05-04
SWA329,2025-05-08
AAL1230,2025-05-23
ASA1247,2025-05-20
UAL654,2025-05-02
AAY396,2025-05-08
SWA2211,2025-05-08
SWA471,2025-05-23
DAL2647,2025-05-01
UAL2248,2025-05-31
UAL2307,2025-05-16
JBU915,2025-05-30
SWA487,2025-05-16
UAL1963,2025-05-11
DAL648,2025-05-14
AAL2872,2025-05-07
AAL3073,2025-05-17
JBU803,2025-05-17
DAL2187,2025-05-03
UAL765,2025-05-31
JBU1913,2025-05-21
SWA856,2025-05-18
HAL33,2025-05-17
HAL42,2025-05-11
AAL2031,2025-05-16
SWA1809,2025-05-10
DAL2785,2025-05-21
SWA3162,2025-05-31
SWA591,2025-05-12
DAL2905,2025-05-07
UAL498,2025-05-11
SWA4205,2025-05-23
AAL1236,2025-05-17
UAL1781,2025-05-10
AAL1392,2025-05-19
NKS2175,2025-05-08
DAL352,2025-05-29
JBU924,2025-05-15
AAL1927,2025-05-25
ASA1093,2025-05-11
SWA854,2025-05-29
ASA501,2025-05-23
UAL1199,2025-05-30
DAL470,2025-05-27
DAL2429,2025-05-21
DAL1237,2025-05-22
AAL437,2025-05-09
AAY2878,2025-05-17
ASA389,2025-05-28
SWA2844,2025-05-03
AAL3087,2025-05-28
AAL757,2025-05-20
HAL29,2025-05-26
SWA953,2025-05-19
SWA3449,2025-05-05
AAL2782,2025-05-10
UAL2370,2025-05-31
DAL803,2025-05-06
SWA2321,2025-05-01
DAL1375,2025-05-05
SWA3336,2025-05-30
SWA3800,2025-05-28
SWA2306,2025-05-26
AAY682,2025-05-22
SWA3823,2025-05-17
NKS645,2025-05-02
AAL621,2025-05-10
DAL751,2025-05-11
FFT3406,2025-05-03
JBU1167,2025-05-25
SWA4477,2025-05-09
AAL768,2025-05-30
NKS2422,2025-05-14
NKS2690,2025-05-30
DAL3130,2025-05-01
UAL552,2025-05-18
SWA2154,2025-05-05
ASA1092,2025-05-04
FFT2387,2025-05-04
AAL899,2025-05-21
DAL1672,2025-05-13
DAL2443,2025-05-25
UAL1869,2025-05-23
FFT1810,2025-05-30
SWA1200,2025-05-09
SWA4471,2025-05-10
SWA1498,2025-05-18
UAL540,2025-05-11
AAL3001,2025-05-11
AAL143,2025-05-08
UAL1764,2025-05-18
DAL2566,2025-05-28
AAL2147,2025-05-23
UAL2270,2025-05-24
SWA2086,2025-05-30
SWA3916,2025-05-21
AAL2870,2025-05-08
SWA2264,2025-05-29
SWA2923,2025-05-02
DAL1541,2025-05-29
DAL2694,2025-05-05
DAL1211,2025-05-16
SWA2456,2025-05-18
SWA2627,2025-05-11
SWA3458,2025-05-25
ASA579,2025-05-15
DAL1024,2025-05-10
AAL1390,2025-05-31
SWA2771,2025-05-09
UAL1747,2025-05-01
AAL2445,2025-05-01
DAL1633,2025-05-10
DAL1701,2025-05-05
DAL1439,2025-05-20
DAL1509,2025-05-17
AAL369,2025-05-24
NKS2249,2025-05-30
AAL1115,2025-05-01
NKS2743,2025-05-25
NKS2182,2025-05-25
SWA2835,2025-05-11
DAL2886,2025-05-11
ASA326,2025-05-28
HAL62,2025-05-05
SWA947,2025-05-14
UAL2201,2025-05-04
AAL2433,2025-05-27
DAL1205,2025-05-21
UAL580,2025-05-27
SWA2281,2025-05-08
SWA2394,2025-05-08
DAL2437,2025-05-17
NKS2718,2025-05-08
UAL482,2025-05-14
DAL966,2025-05-11
SWA4003,2025-05-16
AAY3095,2025-05-30
SWA4325,2025-05-23
SWA4116,2025-05-09
DAL3090,2025-05-02
SWA1164,2025-05-24
AAY1483,2025-05-16
UAL1572,2025-05-09
ASA438,2025-05-21
SWA1884,2025-05-24
DAL2689,2025-05-04
AAY2553,2025-05-16
SWA2364,2025-05-12
DAL1715,2025-05-18
SWA3717,2025-05-04
UAL1485,2025-05-13
UAL1575,2025-05-05
UAL2090,2025-05-28
UAL592,2025-05-19
FFT1082,2025-05-07
SWA3096,2025-05-18
SWA3656,2025-05-08
DAL957,2025-05-30
AAL1780,2025-05-21
AAY1059,2025-05-29
DAL2872,2025-05-21
SWA1777,2025-05-12
HAL69,2025-05-30
SWA1293,2025-05-03
SWA455,2025-05-24
JBU523,2025-05-25
UAL1816,2025-05-08
AAL1641,2025-05-28
UAL1377,2025-05-28
UAL293,2025-05-13
JBU2473,2025-05-27
UAL584,2025-05-13
AAL1757,2025-05-01
AAL2168,2025-05-16
FFT1471,2025-05-27
AAL1061,2025-05-21
UAL639,2025-05-28
SWA998,2025-05-03
SWA1843,2025-05-26
AAL1928,2025-05-31
AAL1953,2025-05-03
ASA1143,2025-05-19
AAL2369,2025-05-07
UAL1273,2025-05-30
DAL2280,2025-05-07
DAL1594,2025-05-30
SWA198,2025-05-22
NKS2006,2025-05-25
AAL3004,2025-05-07
SWA873,2025-05-07
UAL586,2025-05-21
SWA1569,2025-05-06
DAL2475,2025-05-14
SWA4278,2025-05-05
UAL1882,2025-05-20
AAY1214,2025-05-29
SWA262,2025-05-06
NKS2737,2025-05-15
AAL3312,2025-05-07
FFT1226,2025-05-31
ASA424,2025-05-09
UAL483,2025-05-31
SWA3463,2025-05-04
NKS2703,2025-05-12
SWA3298,2025-05-20
UAL2627,2025-05-20
DAL1367,2025-05-27
SWA2221,2025-05-06
NKS2066,2025-05-12
AAL2361,2025-05-16
AAL3107,2025-05-18
DAL1476,2025-05-13
DAL1540,2025-05-08
JBU1205,2025-05-24
DAL2992,2025-05-26
FFT3389,2025-05-04
SWA534,2025-05-27
SWA4260,2025-05-25
SWA3816,2025-05-19
AAL2565,2025-05-24
UAL639,2025-05-05
FFT1237,2025-05-15
SWA713,2025-05-04
DAL1243,2025-05-18
UAL2442,2025-05-18
AAL2615,2025-05-31
AAL2661,2025-05-15
DAL2098,2025-05-22
SWA1883,2025-05-22
DAL2761,2025-05-06
SWA3257,2025-05-29
JBU1471,2025-05-23
AAL2813,2025-05-17
DAL1724,2025-05-20
SWA4791,2025-05-20
DAL379,2025-05-31
SWA212,2025-05-08
HAL187,2025-05-15
JBU303,2025-05-01
DAL781,2025-05-17
SWA857,2025-05-27
DAL735,2025-05-26
SWA2956,2025-05-22
UAL1944,2025-05-03
AAL922,2025-05-14
SWA1500,2025-05-05
AAL1988,2025-05-08
AAL2949,2025-05-28
AAL2659,2025-05-05
AAL1635,2025-05-06
UAL1083,2025-05-30
SWA2305,2025-05-11
SWA3215,2025-05-29
DAL2849,2025-05-03
HAL307,2025-05-31
SWA940,2025-05-20
SWA161,2025-05-30
SWA277,2025-05-17
JBU1290,2025-05-14
DAL2133,2025-05-13
AAL2068,2025-05-12
AAY2957,2025-05-26
UAL2196,2025-05-07
ASA867,2025-05-19
SWA130,2025-05-16
AAL2817,2025-05-20
DAL2764,2025-05-15
DAL722,2025-05-20
DAL3154,2025-05-19
DAL3028,2025-05-21
AAY2597,2025-05-16
UAL364,2025-05-27
SWA3052,2025-05-24
SWA671,2025-05-08
UAL600,2025-05-03
UAL1188,2025-05-19
UAL1116,2025-05-08
SWA222,2025-05-21
AAL2919,2025-05-12
JBU1081,2025-05-29
AAL2984,2025-05-29
SWA1527,2025-05-24
AAL1766,2025-05-29
DAL3075,2025-05-11
AAL1816,2025-05-10
FFT3852,2025-05-24
AAY1423,2025-05-25
DAL679,2025-05-01
JBU322,2025-05-13
AAL2976,2025-05-11
SWA3541,2025-05-17
SWA1481,2025-05-22
UAL1337,2025-05-07
AAL2550,2025-05-10
FFT1994,2025-05-29
AAL1937,2025-05-04
JBU472,2025-05-20
SWA3174,2025-05-25
AAL2223,2025-05-26
DAL2055,2025-05-21
SWA836,2025-05-04
ASA62,2025-05-10
DAL2331,2025-05-24
ASA827,2025-05-17
SWA2225,2025-05-20
JBU571,2025-05-07
NKS2,2025-05-15
AAL489,2025-05-05
DAL2586,2025-05-10
SWA1790,2025-05-23
DAL2716,2025-05-05
DAL3043,2025-05-01
DAL710,2025-05-22
SWA4699,2025-05-21
SWA546,2025-05-05
AAY2003,2025-05-16
DAL1267,2025-05-12
UAL1251,2025-05-02
UAL2235,2025-05-21
AAL2819,2025-05-28
SWA4077,2025-05-31
UAL1733,2025-05-15
UAL2240,2025-05-08
FFT1673,2025-05-18
SWA1463,2025-05-16
SWA4513,2025-05-18
DAL2147,2025-05-18
AAL2920,2025-05-27
ASA380,2025-05-26
SWA1230,2025-05-30
AAL2047,2025-05-08
JBU372,2025-05-30
NKS2402,2025-05-25
UAL1552,2025-05-03
UAL1066,2025-05-29
DAL2489,2025-05-18
UAL2684,2025-05-15
SWA769,2025-05-08
DAL2572,2025-05-22
AAL2896,2025-05-19
AAL1839,2025-05-10
SWA984,2025-05-29
UAL787,2025-05-03
AAY61,2025-05-15
SWA1559,2025-05-27
AAL1694,2025-05-31
SWA1778,2025-05-08
UAL2431,2025-05-08
AAL1329,2025-05-03
SWA1483,2025-05-13
ASA132,2025-05-20
SWA1656,2025-05-13
AAL1575,2025-05-22
UAL512,2025-05-29
AAL596,2025-05-04
DAL2425,2025-05-01
JBU68,2025-05-13
UAL2652,2025-05-07
SWA3888,2025-05-05
DAL2616,2025-05-05
SWA636,2025-05-24
JBU2348,2025-05-29
SWA3695,2025-05-10
SWA375,2025-05-06
SWA1947,2025-05-26
UAL344,2025-05-13
SWA4760,2025-05-30
SWA2989,2025-05-01
DAL329,2025-05-19
AAL1712,2025-05-09
SWA3250,2025-05-04
ASA1182,2025-05-01
DAL3161,2025-05-09
JBU1244,2025-05-24
DAL2985,2025-05-27
DAL2205,2025-05-02
DAL997,2025-05-03
DAL1694,2025-05-06
UAL1396,2025-05-21
DAL359,2025-05-14
UAL1381,2025-05-25
JBU932,2025-05-23
SWA694,2025-05-25
UAL2664,2025-05-02
DAL929,2025-05-25
UAL2271,2025-05-07
AAL1852,2025-05-03
DAL1654,2025-05-22
SWA183,2025-05-19
SWA1187,2025-05-12
DAL3047,2025-05-02
FFT3176,2025-05-26
JBU1827,2025-05-20
JBU100,2025-05-10
SWA452,2025-05-31
UAL1351,2025-05-30
AAL396,2025-05-13
SWA1849,2025-05-29
SWA2835,2025-05-03
UAL1856,2025-05-16
UAL2077,2025-05-19
AAY2796,2025-05-12
JBU101,2025-05-06
SWA1988,2025-05-28
ASA375,2025-05-31
SWA2245,2025-05-23
UAL222,2025-05-21
SWA3360,2025-05-16
NKS324,2025-05-03
UAL1035,2025-05-24
AAL1375,2025-05-11
AAL2479,2025-05-09
SWA1381,2025-05-11
SWA3319,2025-05-16
SWA1427,2025-05-13
DAL2834,2025-05-15
AAY3107,2025-05-02
AAL2509,2025-05-17
SWA2212,2025-05-08
DAL1485,2025-05-11
DAL2878,2025-05-14
AAL504,2025-05-09
UAL2022,2025-05-06
SWA4185,2025-05-01
SWA2639,2025-05-06
DAL1607,2025-05-23
AAL2909,2025-05-31
FFT2622,2025-05-19
AAL2238,2025-05-15
UAL2644,2025-05-24
UAL264,2025-05-17
SWA2261,2025-05-20
AAL1688,2025-05-09
ASA405,2025-05-22
SWA3351,2025-05-24
SWA2234,2025-05-08
SWA805,2025-05-31
NKS2353,2025-05-28
AAL3201,2025-05-28
SWA15,2025-05-31
UAL1442,2025-05-25
DAL2048,2025-05-01
SWA2289,2025-05-13
NKS2401,2025-05-21
NKS2429,2025-05-08
FFT2112,2025-05-16
SWA1837,2025-05-21
UAL383,2025-05-15
AAL1395,2025-05-25
JBU1273,2025-05-03
FFT3738,2025-05-05
JBU619,2025-05-29
AAL1539,2025-05-12
AAY3781,2025-05-05
SWA1245,2025-05-27
JBU1488,2025-05-08
SWA2004,2025-05-29
SWA3186,2025-05-03
DAL1509,2025-05-08
SWA2132,2025-05-20
UAL694,2025-05-08
UAL395,2025-05-03
SWA733,2025-05-23
SWA770,2025-05-10
ASA1007,2025-05-25
AAL1785,2025-05-15
AAL2389,2025-05-20
SWA2830,2025-05-25
DAL1004,2025-05-14
UAL1232,2025-05-27
AAL1208,2025-05-02
SWA3569,2025-05-05
FFT3371,2025-05-04
SWA3001,2025-05-22
ASA1468,2025-05-18
ASA360,2025-05-11
UAL680,2025-05-31
SWA634,2025-05-16
UAL697,2025-05-22
AAL854,2025-05-06
SWA1463,2025-05-05
DAL375,2025-05-23
FFT1086,2025-05-14
UAL1071,2025-05-27
JBU1453,2025-05-03
NKS2058,2025-05-19
JBU1282,2025-05-14
HAL62,2025-05-01
AAL2197,2025-05-20
UAL1187,2025-05-28
SWA3499,2025-05-29
SWA158,2025-05-30
DAL2008,2025-05-08
FFT1735,2025-05-01
UAL1977,2025-05-12
ASA78,2025-05-04
SWA3812,2025-05-07
DAL2010,2025-05-15
DAL2462,2025-05-18
AAL1106,2025-05-08
FFT4211,2025-05-09
AAL2672,2025-05-03
DAL1033,2025-05-26
AAL779,2025-05-06
UAL2019,2025-05-28
UAL1833,2025-05-29
AAL1257,2025-05-27
DAL2464,2025-05-01
DAL2511,2025-05-25
UAL2614,2025-05-27
SWA1373,2025-05-30
AAL2515,2025-05-12
UAL2111,2025-05-11
ASA733,2025-05-14
SWA3470,2025-05-26
DAL3069,2025-05-13
SWA1555,2025-05-31
SWA1971,2025-05-18
FFT2400,2025-05-20
AAL1868,2025-05-13
AAL2122,2025-05-26
FFT3266,2025-05-30
FFT2912,2025-05-30
DAL1439,2025-05-19
AAL1844,2025-05-07
SWA2398,2025-05-08
SWA2096,2025-05-28
UAL1003,2025-05-30
UAL2606,2025-05-09
AAL3050,2025-05-06
HAL553,2025-05-06
DAL731,2025-05-11
FFT2552,2025-05-22
DAL2579,2025-05-17
UAL2433,2025-05-26
UAL2045,2025-05-28
AAL1584,2025-05-09
SWA561,2025-05-02
AAL1804,2025-05-29
FFT3796,2025-05-24
SWA3202,2025-05-21
AAL2536,2025-05-11
DAL843,2025-05-26
SWA369,2025-05-31
FFT4000,2025-05-10
AAL493,2025-05-27
SWA4552,2025-05-29
UAL225,2025-05-27
ASA609,2025-05-16
SWA1336,2025-05-28
ASA783,2025-05-18
UAL729,2025-05-08
AAL2262,2025-05-10
DAL1560,2025-05-11
SWA2433,2025-05-04
JBU1734,2025-05-07
DAL1265,2025-05-02
SWA2221,2025-05-29
UAL343,2025-05-13
ASA613,2025-05-31
DAL874,2025-05-27
DAL2393,2025-05-23
AAL818,2025-05-08
SWA3136,2025-05-20
SWA2101,2025-05-18
HAL9,2025-05-25
AAY1040,2025-05-10
DAL2188,2025-05-30
DAL2112,2025-05-08
SWA2081,2025-05-22
SWA2820,2025-05-24
DAL1682,2025-05-11
ASA807,2025-05-05
SWA2498,2025-05-28
SWA3474,2025-05-25
UAL2099,2025-05-22
DAL738,2025-05-29
NKS2194,2025-05-24
DAL2178,2025-05-18
SWA948,2025-05-21
AAL116,2025-05-22
AAL824,2025-05-28
JBU499,2025-05-10
SWA1158,2025-05-13
SWA600,2025-05-10
UAL1689,2025-05-21
SWA2298,2025-05-28
AAY681,2025-05-03
SWA3909,2025-05-01
SWA900,2025-05-23
JBU1288,2025-05-01
NKS2588,2025-05-30
SWA2120,2025-05-02
AAL1455,2025-05-27
FFT1268,2025-05-31
JBU192,2025-05-09
DAL1583,2025-05-16
SWA3452,2025-05-04
SWA826,2025-05-18
DAL494,2025-05-28
DAL2404,2025-05-26
UAL1082,2025-05-04
SWA597,2025-05-24
ASA423,2025-05-01
FFT3999,2025-05-30
UAL1005,2025-05-08
SWA1635,2025-05-28
SWA562,2025-05-02
SWA2801,2025-05-26
AAL1924,2025-05-10
DAL3042,2025-05-30
UAL1949,2025-05-16
SWA1264,2025-05-10
SWA1495,2025-05-25
FFT4817,2025-05-20
DAL795,2025-05-05
SWA222,2025-05-10
JBU1447,2025-05-09
ASA353,2025-05-28
AAL2311,2025-05-16
SWA3885,2025-05-18
DAL1190,2025-05-03
DAL3007,2025-05-21
AAL3325,2025-05-18
AAL1710,2025-05-25
ASA1318,2025-05-02
DAL2664,2025-05-07
DAL3022,2025-05-19
SWA1467,2025-05-19
DAL800,2025-05-27
DAL3086,2025-05-25
DAL1210,2025-05-03
SWA439,2025-05-28
JBU86,2025-05-19
UAL1113,2025-05-26
DAL2631,2025-05-17
UAL327,2025-05-10
UAL1148,2025-05-12
AAL1203,2025-05-14
UAL2858,2025-05-29
SWA3692,2025-05-08
NKS934,2025-05-06
SWA2934,2025-05-11
AAY587,2025-05-31
AAL2385,2025-05-09
UAL2391,2025-05-20
JBU1053,2025-05-25
SWA2188,2025-05-13
AAL1408,2025-05-03
DAL2695,2025-05-20
JBU23,2025-05-06
AAL3125,2025-05-17
DAL2246,2025-05-11
AAL2357,2025-05-27
SWA4925,2025-05-04
SWA1098,2025-05-04
UAL1259,2025-05-17
NKS619,2025-05-04
AAL1211,2025-05-31
SWA1418,2025-05-19
JBU1678,2025-05-11
SWA3442,2025-05-31
UAL2633,2025-05-12
AAY2116,2025-05-31
AAL2926,2025-05-30
SWA1730,2025-05-26
UAL483,2025-05-29
SWA373,2025-05-27
FFT3313,2025-05-27
NKS2902,2025-05-11
SWA2230,2025-05-25
SWA488,2025-05-29
UAL378,2025-05-02
UAL1304,2025-05-31
AAL2551,2025-05-25
SWA799,2025-05-18
UAL467,2025-05-15
DAL2245,2025-05-06
FFT3092,2025-05-05
UAL1702,2025-05-17
UAL2680,2025-05-13
UAL1235,2025-05-29
SWA2573,2025-05-19
AAL2018,2025-05-14
FFT4343,2025-05-16
SWA2705,2025-05-26
AAL1451,2025-05-07
SWA1642,2025-05-09
DAL1348,2025-05-27
NKS2800,2025-05-29
SWA4421,2025-05-11
SWA3527,2025-05-18
UAL2387,2025-05-06
DAL1082,2025-05-03
AAL1827,2025-05-14
DAL572,2025-05-16
SWA1764,2025-05-18
AAL305,2025-05-10
DAL2402,2025-05-28
HAL330,2025-05-08
SWA1513,2025-05-22
UAL2044,2025-05-23
UAL1073,2025-05-24
ASA64,2025-05-01
DAL2732,2025-05-10
DAL1177,2025-05-06
SWA1389,2025-05-22
SWA2653,2025-05-08
DAL1308,2025-05-10
SWA2927,2025-05-23
UAL2362,2025-05-01
AAL2403,2025-05-12
AAL1518,2025-05-21
SWA2094,2025-05-06
AAL1474,2025-05-18
AAL2086,2025-05-14
ASA69,2025-05-04
DAL961,2025-05-18
DAL2672,2025-05-18
UAL315,2025-05-06
UAL1821,2025-05-30
DAL2966,2025-05-16
SWA2698,2025-05-04
AAL2051,2025-05-11
SWA3045,2025-05-23
UAL2311,2025-05-05
ASA374,2025-05-20
HAL10,2025-05-03
SWA1474,2025-05-03
AAL2700,2025-05-01
SWA2166,2025-05-17
UAL343,2025-05-06
FFT1512,2025-05-22
UAL1415,2025-05-13
SWA4572,2025-05-30
ASA65,2025-05-05
AAL1707,2025-05-26
AAL1568,2025-05-12
DAL3001,2025-05-25
SWA3161,2025-05-04
DAL1169,2025-05-21
UAL2154,2025-05-16
UAL1971,2025-05-13
SWA1557,2025-05-14
SWA3608,2025-05-23
DAL349,2025-05-03
AAL3035,2025-05-16
DAL874,2025-05-30
AAL2086,2025-05-08
SWA4444,2025-05-26
SWA4697,2025-05-29
SWA2895,2025-05-28
SWA4319,2025-05-26
SWA2619,2025-05-14
AAL1858,2025-05-01
DAL2364,2025-05-28
SWA1947,2025-05-17
FFT2400,2025-05-30
AAL546,2025-05-27
JBU617,2025-05-04
DAL814,2025-05-29
SWA4593,2025-05-16
AAL3169,2025-05-15
UAL2219,2025-05-29
AAL1733,2025-05-31
DAL2270,2025-05-25
FFT2498,2025-05-30
DAL440,2025-05-25
AAL1784,2025-05-18
UAL609,2025-05-09
NKS212,2025-05-02
SWA62,2025-05-16
UAL708,2025-05-27
UAL1738,2025-05-03
UAL1573,2025-05-23
SWA4309,2025-05-05
DAL517,2025-05-05
SWA2953,2025-05-07
AAL544,2025-05-26
SWA2890,2025-05-16
SWA600,2025-05-12
DAL2862,2025-05-26
SWA2883,2025-05-31
SWA1955,2025-05-16
UAL1260,2025-05-31
DAL1005,2025-05-21
UAL1846,2025-05-17
UAL378,2025-05-25
DAL2631,2025-05-07
SWA4546,2025-05-26
UAL2417,2025-05-16
UAL2654,2025-05-16
UAL1686,2025-05-19
FFT2484,2025-05-15
NKS2475,2025-05-18
JBU1371,2025-05-03
JBU96,2025-05-29
SWA1456,2025-05-05
UAL2411,2025-05-26
AAL841,2025-05-18
UAL2232,2025-05-30
DAL1555,2025-05-13
DAL2167,2025-05-29
NKS2352,2025-05-26
UAL1777,2025-05-24
UAL1942,2025-05-24
DAL933,2025-05-26
SWA2075,2025-05-24
UAL732,2025-05-18
SWA4396,2025-05-18
SWA4488,2025-05-15
DAL1327,2025-05-15
DAL2464,2025-05-26
SWA2402,2025-05-16
UAL1588,2025-05-09
SWA4362,2025-05-15
DAL2279,2025-05-09
SWA314,2025-05-10
DAL1717,2025-05-31
SWA2550,2025-05-27
SWA1647,2025-05-20
SWA1260,2025-05-17
JBU359,2025-05-27
SWA1264,2025-05-05
DAL897,2025-05-21
SWA3660,2025-05-13
UAL1882,2025-05-26
DAL2074,2025-05-08
DAL1460,2025-05-26
DAL2525,2025-05-07
FFT2083,2025-05-02
UAL2654,2025-05-24
NKS2349,2025-05-16
SWA2900,2025-05-14
NKS2710,2025-05-19
UAL1644,2025-05-24
DAL2441,2025-05-23
AAL2407,2025-05-05
UAL1843,2025-05-18
DAL2321,2025-05-15
UAL2093,2025-05-25
DAL2732,2025-05-25
FFT1080,2025-05-11
UAL450,2025-05-23
UAL2143,2025-05-11
SWA3913,2025-05-17
AAL436,2025-05-24
SWA1827,2025-05-22
UAL204,2025-05-31
UAL1689,2025-05-02
DAL2573,2025-05-17
SWA1906,2025-05-30
SWA3038,2025-05-01
JBU1101,2025-05-22
DAL1827,2025-05-05
DAL2417,2025-05-13
UAL1568,2025-05-26
DAL2767,2025-05-15
UAL1424,2025-05-31
DAL1078,2025-05-07
ASA294,2025-05-17
DAL1425,2025-05-27
NKS2314,2025-05-19
DAL2404,2025-05-12
DAL2627,2025-05-29
DAL2922,2025-05-05
UAL2436,2025-05-16
DAL392,2025-05-26
AAL1177,2025-05-27
UAL689,2025-05-10
SWA3286,2025-05-31
UAL2182,2025-05-22
AAL662,2025-05-10
JBU2155,2025-05-15
AAL1135,2025-05-09
SWA249,2025-05-04
DAL2192,2025-05-17
DAL1233,2025-05-26
DAL2242,2025-05-22
AAL2263,2025-05-31
UAL2130,2025-05-06
JBU625,2025-05-11
AAL650,2025-05-09
SWA1222,2025-05-24
DAL1444,2025-05-15
DAL3159,2025-05-30
SWA1664,2025-05-29
JBU1197,2025-05-20
UAL1982,2025-05-18
AAL1269,2025-05-24
DAL1505,2025-05-02
SWA2413,2025-05-30
SWA3532,2025-05-28
AAY292,2025-05-23
AAY561,2025-05-08
SWA6572,2025-05-23
ASA323,2025-05-22
UAL1083,2025-05-15
DAL1572,2025-05-19
UAL2638,2025-05-30
DAL814,2025-05-29
SWA313,2025-05-12
DAL3196,2025-05-04
AAL2558,2025-05-11
SWA1926,2025-05-07
DAL2209,2025-05-17
SWA3837,2025-05-25
NKS954,2025-05-31
UAL2132,2025-05-19
AAL2909,2025-05-17
UAL2309,2025-05-21
NKS868,2025-05-02
SWA3235,2025-05-18
NKS1259,2025-05-04
SWA3501,2025-05-18
DAL382,2025-05-01
AAL2230,2025-05-04
DAL2372,2025-05-22
DAL2293,2025-05-06
SWA2490,2025-05-08
DAL3115,2025-05-26
AAY59,2025-05-12
SWA1353,2025-05-29
UAL2858,2025-05-31
UAL2601,2025-05-27
HAL367,2025-05-18
AAY101,2025-05-16
UAL1488,2025-05-26
ASA60,2025-05-12
SWA409,2025-05-02
DAL480,2025-05-07
NKS2450,2025-05-30
DAL2980,2025-05-02
AAY889,2025-05-28
ASA1225,2025-05-31
SWA2087,2025-05-26
DAL2927,2025-05-06
DAL471,2025-05-30
SWA2938,2025-05-21
UAL2679,2025-05-25
NKS2688,2025-05-18
AAL1924,2025-05-25
SWA196,2025-05-12
DAL2612,2025-05-18
FFT2897,2025-05-31
AAL1771,2025-05-30
SWA1162,2025-05-02
UAL215,2025-05-15
HAL151,2025-05-02
UAL723,2025-05-12
UAL2245,2025-05-02
DAL995,2025-05-21
UAL1726,2025-05-29
AAY5,2025-05-04
DAL993,2025-05-11
UAL2391,2025-05-15
UAL1126,2025-05-23
DAL2129,2025-05-15
JBU116,2025-05-20
UAL1564,2025-05-23
DAL1176,2025-05-21
SWA3845,2025-05-03
AAL1851,2025-05-09
JBU1290,2025-05-12
SWA1856,2025-05-23
SWA2729,2025-05-25
DAL855,2025-05-05
SWA2043,2025-05-05
JBU85,2025-05-23
SWA2650,2025-05-11
AAL1879,2025-05-11
SWA2453,2025-05-08
DAL376,2025-05-31
UAL616,2025-05-11
UAL1718,2025-05-14
HAL558,2025-05-06
NKS1986,2025-05-15
UAL1299,2025-05-02
SWA2859,2025-05-10
AAL3334,2025-05-01
JBU363,2025-05-04
UAL1322,2025-05-15
JBU305,2025-05-21
NKS2660,2025-05-24
DAL2640,2025-05-15
UAL1481,2025-05-29
DAL1478,2025-05-28
SWA4666,2025-05-25
UAL2448,2025-05-12
SWA6429,2025-05-03
FFT3440,2025-05-24
JBU125,2025-05-26
AAL2973,2025-05-29
NKS2668,2025-05-22
AAL3083,2025-05-13
DAL1543,2025-05-29
AAL2954,2025-05-09
AAL1506,2025-05-17
UAL530,2025-05-09
AAY367,2025-05-04
DAL653,2025-05-04
AAL1895,2025-05-20
DAL3022,2025-05-03
NKS360,2025-05-01
DAL1152,2025-05-07
SWA2899,2025-05-01
NKS2441,2025-05-09
UAL1066,2025-05-26
SWA1125,2025-05-10
DAL2976,2025-05-16
DAL808,2025-05-20
AAL577,2025-05-18
DAL430,2025-05-24
ASA135,2025-05-07
AAL694,2025-05-30
SWA3463,2025-05-24
UAL2262,2025-05-05
DAL1102,2025-05-16
AAL1848,2025-05-02
ASA1081,2025-05-09
AAL946,2025-05-20
AAL2345,2025-05-18
AAL2229,2025-05-17
UAL1540,2025-05-13
DAL839,2025-05-19
SWA658,2025-05-16
SWA2320,2025-05-23
DAL2836,2025-05-17
DAL2414,2025-05-25
AAL2326,2025-05-21
UAL286,2025-05-21
UAL226,2025-05-09
HAL351,2025-05-31
DAL2018,2025-05-08
FFT3862,2025-05-28
DAL1099,2025-05-20
AAL1866,2025-05-12
DAL2409,2025-05-03
SWA3794,2025-05-05
SWA1721,2025-05-21
ASA718,2025-05-20
SWA3143,2025-05-22
DAL321,2025-05-04
UAL1642,2025-05-03
ASA363,2025-05-29
AAL1842,2025-05-06
FFT1403,2025-05-08
DAL574,2025-05-15
SWA3544,2025-05-08
JBU2128,2025-05-31
SWA353,2025-05-25
SWA518,2025-05-17
SWA102,2025-05-15
DAL2593,2025-05-04
JBU824,2025-05-05
HAL546,2025-05-29
DAL1480,2025-05-21
HAL365,2025-05-26
JBU2468,2025-05-12
ASA517,2025-05-10
AAL1923,2025-05-25
DAL1356,2025-05-30
SWA2393,2025-05-15
DAL751,2025-05-04
NKS2186,2025-05-16
UAL1141,2025-05-10
NKS2082,2025-05-08
UAL2358,2025-05-31
AAL647,2025-05-21
SWA1447,2025-05-13
DAL2579,2025-05-19
SWA3175,2025-05-21
AAL1070,2025-05-06
AAL1884,2025-05-25
SWA2738,2025-05-18
SWA3782,2025-05-21
JBU717,2025-05-02
SWA3180,2025-05-20
FFT4003,2025-05-19
UAL326,2025-05-06
DAL1348,2025-05-15
FFT3644,2025-05-28
JBU1680,2025-05-09
UAL2264,2025-05-05
JBU556,2025-05-01
AAL2825,2025-05-04
SWA989,2025-05-30
AAL2185,2025-05-17
SWA1855,2025-05-18
DAL1076,2025-05-08
ASA1156,2025-05-14
AAL3303,2025-05-23
AAL1278,2025-05-19
FFT3206,2025-05-19
NKS2901,2025-05-18
SWA2982,2025-05-14
UAL2205,2025-05-30
AAL2477,2025-05-17
SWA565,2025-05-21
DAL518,2025-05-07
UAL2136,2025-05-04
UAL1625,2025-05-04
AAL1227,2025-05-07
SWA3177,2025-05-20
AAL1741,2025-05-18
SWA3635,2025-05-16
AAL647,2025-05-27
SWA2075,2025-05-05
SWA2585,2025-05-03
ASA418,2025-05-21
DAL2301,2025-05-21
SWA441,2025-05-22
UAL1752,2025-05-17
SWA3170,2025-05-14
UAL1192,2025-05-17
SWA3412,2025-05-24
SWA1505,2025-05-19
AAL615,2025-05-29
UAL2601,2025-05-03
FFT3348,2025-05-06
SWA3145,2025-05-22
SWA2865,2025-05-14
AAL990,2025-05-22
AAL1737,2025-05-10
SWA2237,2025-05-15
ASA227,2025-05-30
DAL1431,2025-05-25
UAL1126,2025-05-19
UAL2859,2025-05-01
SWA924,2025-05-21
AAL1946,2025-05-15
AAL1828,2025-05-10
SWA2778,2025-05-02
AAY336,2025-05-05
UAL650,2025-05-03
AAL1796,2025-05-22
DAL2159,2025-05-05
UAL2204,2025-05-23
SWA2750,2025-05-02
SWA3209,2025-05-25
AAL1840,2025-05-24
JBU959,2025-05-17
SWA2254,2025-05-14
SWA2326,2025-05-19
AAL2934,2025-05-18
JBU1223,2025-05-13
UAL2115,2025-05-20
UAL2161,2025-05-25
FFT2697,2025-05-16
AAL2433,2025-05-09
SWA3719,2025-05-31
UAL1697,2025-05-03
ASA69,2025-05-02
DAL1401,2025-05-07
ASA67,2025-05-19
UAL1997,2025-05-15
DAL2196,2025-05-30
AAY1217,2025-05-07
SWA934,2025-05-31
SWA4314,2025-05-18
SWA3259,2025-05-12
ASA1268,2025-05-23
SWA1765,2025-05-22
SWA1659,2025-05-03
AAL3050,2025-05-16
AAL1514,2025-05-04
SWA3033,2025-05-10
SWA1525,2025-05-30
DAL634,2025-05-06
AAY1266,2025-05-17
SWA3057,2025-05-27
SWA197,2025-05-16
SWA1466,2025-05-10
DAL640,2025-05-23
JBU276,2025-05-19
DAL971,2025-05-14
FFT3261,2025-05-16
SWA3254,2025-05-10
AAL1616,2025-05-14
AAL1739,2025-05-05
SWA3107,2025-05-06
FFT3229,2025-05-25
UAL2078,2025-05-27
AAL591,2025-05-17
AAL2163,2025-05-27
UAL2275,2025-05-25
SWA1351,2025-05-27
SWA1748,2025-05-24
DAL861,2025-05-07
DAL424,2025-05-29
AAL3159,2025-05-21
SWA196,2025-05-16
UAL1686,2025-05-22
AAL363,2025-05-27
ASA1073,2025-05-29
NKS2314,2025-05-17
FFT4612,2025-05-29
AAL2236,2025-05-13
SWA3760,2025-05-24
JBU891,2025-05-08
DAL2158,2025-05-27
ASA898,2025-05-11
JBU2073,2025-05-16
ASA609,2025-05-28
UAL1170,2025-05-24
UAL2608,2025-05-04
UAL1341,2025-05-22
AAL2484,2025-05-30
SWA2830,2025-05-30
SWA3159,2025-05-30
SWA2026,2025-05-05
AAL1590,2025-05-16
DAL2513,2025-05-03
SWA3129,2025-05-28
AAL2061,2025-05-15
AAL1452,2025-05-22
AAL2583,2025-05-07
DAL2077,2025-05-06
DAL1424,2025-05-23
AAL3296,2025-05-29
AAL991,2025-05-28
SWA2459,2025-05-13
DAL377,2025-05-19
UAL417,2025-05-29
SWA4168,2025-05-17
UAL1677,2025-05-23
JBU1854,2025-05-28
SWA3321,2025-05-30
AAY867,2025-05-01
SWA4457,2025-05-29
SWA130,2025-05-11
SWA1964,2025-05-10
UAL1124,2025-05-30
SWA1156,2025-05-22
SWA2931,2025-05-30
DAL3056,2025-05-08
DAL2465,2025-05-14
NKS2135,2025-05-08
AAL2005,2025-05-12
JBU70,2025-05-23
AAL2916,2025-05-16
AAL1564,2025-05-18
NKS2007,2025-05-31
SWA1279,2025-05-16
AAL1364,2025-05-09
AAL3053,2025-05-23
SWA1384,2025-05-11
AAL769,2025-05-05
UAL2497,2025-05-22
DAL900,2025-05-09
SWA1419,2025-05-28
SWA2062,2025-05-05
DAL2953,2025-05-11
UAL2636,2025-05-18
SWA2272,2025-05-12
FFT3424,2025-05-07
UAL448,2025-05-27
ASA296,2025-05-29
SWA1777,2025-05-13
UAL2858,2025-05-07
NKS2708,2025-05-08
DAL1046,2025-05-16
SWA1565,2025-05-20
SWA3643,2025-05-18
DAL3094,2025-05-25
SWA3653,2025-05-24
HAL142,2025-05-26
HAL5,2025-05-11
UAL573,2025-05-29
NKS2159,2025-05-12
AAL1716,2025-05-26
AAL2188,2025-05-21
SWA2480,2025-05-07
FFT1953,2025-05-05
SWA2301,2025-05-11
AAL1084,2025-05-11
DAL2035,2025-05-14
UAL2159,2025-05-07
ASA1111,2025-05-01
FFT4172,2025-05-04
SWA121,2025-05-21
AAL1437,2025-05-22
AAY478,2025-05-02
JBU845,2025-05-17
SWA859,2025-05-02
SWA2845,2025-05-03
ASA458,2025-05-05
UAL774,2025-05-30
UAL1392,2025-05-04
JBU416,2025-05-30
SWA2839,2025-05-08
UAL664,2025-05-05
SWA1890,2025-05-16
AAY1010,2025-05-09
FFT4406,2025-05-14
DAL2322,2025-05-14
SWA381,2025-05-06
UAL2291,2025-05-23
AAL3074,2025-05-22
SWA4188,2025-05-27
SWA1220,2025-05-17
AAL647,2025-05-03
DAL931,2025-05-07
UAL1851,2025-05-05
SWA3677,2025-05-12
SWA3976,2025-05-13
DAL1275,2025-05-22
SWA4720,2025-05-31
SWA6574,2025-05-18
SWA429,2025-05-01
SWA4640,2025-05-08
AAY766,2025-05-03
AAL1339,2025-05-19
ASA214,2025-05-19
SWA759,2025-05-23
DAL2331,2025-05-18
UAL2662,2025-05-06
AAL2502,2025-05-02
AAL3056,2025-05-31
SWA33,2025-05-14
DAL1075,2025-05-31
AAL323,2025-05-03
AAL817,2025-05-28
DAL772,2025-05-11
AAL2343,2025-05-07
AAL1897,2025-05-08
AAL2736,2025-05-29
NKS2512,2025-05-19
DAL1590,2025-05-04
DAL1282,2025-05-21
DAL2186,2025-05-01
DAL1477,2025-05-17
AAL2485,2025-05-05
NKS2710,2025-05-30
UAL759,2025-05-23
AAL3150,2025-05-01
DAL1203,2025-05-12
UAL1534,2025-05-10
UAL1048,2025-05-12
ASA376,2025-05-31
SWA1178,2025-05-15
DAL2501,2025-05-22
DAL2880,2025-05-30
DAL1631,2025-05-16
UAL2440,2025-05-21
NKS604,2025-05-01
JBU961,2025-05-06
SWA3261,2025-05-12
SWA2801,2025-05-12
AAL2359,2025-05-22
UAL1390,2025-05-29
ASA825,2025-05-20
NKS532,2025-05-01
SWA4166,2025-05-20
SWA3789,2025-05-31
AAY760,2025-05-01
AAL3245,2025-05-03
AAL1485,2025-05-24
ASA598,2025-05-30
AAL2336,2025-05-12
UAL1644,2025-05-08
SWA4073,2025-05-23
JBU1932,2025-05-15
DAL1505,2025-05-13
DAL465,2025-05-05
SWA3713,2025-05-16
DAL777,2025-05-01
UAL487,2025-05-09
SWA4151,2025-05-22
AAL2931,2025-05-02
DAL2124,2025-05-07
AAY915,2025-05-17
AAL1695,2025-05-20
AAY1401,2025-05-20
AAY7,2025-05-30
UAL2101,2025-05-13
NKS608,2025-05-06
SWA1031,2025-05-13
DAL2031,2025-05-19
AAL2269,2025-05-14
DAL2828,2025-05-08
HAL188,2025-05-26
DAL794,2025-05-09
UAL1321,2025-05-20
DAL1704,2025-05-14
UAL774,2025-05-04
SWA2416,2025-05-07
SWA207,2025-05-13
SWA1662,2025-05-02
AAL2797,2025-05-18
SWA802,2025-05-21
SWA1062,2025-05-01
AAL2315,2025-05-05
UAL796,2025-05-26
SWA3291,2025-05-02
FFT2400,2025-05-05
SWA2776,2025-05-22
UAL589,2025-05-01
AAL1267,2025-05-25
FFT3644,2025-05-11
AAL2328,2025-05-24
AAL1533,2025-05-04
SWA3043,2025-05-18
SWA4544,2025-05-08
SWA1563,2025-05-02
DAL918,2025-05-30
DAL383,2025-05-28
SWA1596,2025-05-12
SWA1189,2025-05-27
AAL3196,2025-05-16
JBU1123,2025-05-01
SWA420,2025-05-24
UAL2480,2025-05-08
JBU1336,2025-05-11
ASA144,2025-05-27
SWA2509,2025-05-24
AAL2297,2025-05-20
ASA889,2025-05-19
AAL557,2025-05-20
DAL2092,2025-05-05
ASA500,2025-05-06
SWA1058,2025-05-27
FFT3456,2025-05-04
AAL3046,2025-05-27
AAL656,2025-05-16
SWA6404,2025-05-19
NKS2298,2025-05-09
SWA3609,2025-05-21
AAY927,2025-05-08
DAL2893,2025-05-26
SWA1283,2025-05-20
UAL571,2025-05-09
SWA2279,2025-05-15
AAL1844,2025-05-01
ASA104,2025-05-12
AAL561,2025-05-22
DAL946,2025-05-28
SWA1907,2025-05-24
DAL2369,2025-05-03
ASA454,2025-05-31
AAY1152,2025-05-22
FFT1184,2025-05-23
SWA1246,2025-05-11
NKS1999,2025-05-29
SWA1597,2025-05-28
SWA3991,2025-05-08
AAL2051,2025-05-28
JBU1285,2025-05-17
UAL2191,2025-05-26
AAY988,2025-05-28
SWA368,2025-05-24
UAL1805,2025-05-25
SWA3947,2025-05-01
SWA1529,2025-05-09
SWA1979,2025-05-28
UAL786,2025-05-03
DAL787,2025-05-28
DAL3093,2025-05-16
DAL2762,2025-05-23
SWA991,2025-05-08
AAL1844,2025-05-14
UAL2101,2025-05-04
AAY907,2025-05-29
UAL1482,2025-05-18
DAL2916,2025-05-23
AAL1875,2025-05-07
NKS3995,2025-05-10
NKS2246,2025-05-18
AAL1877,2025-05-09
DAL2741,2025-05-26
AAL254,2025-05-06
AAL2839,2025-05-03
DAL943,2025-05-23
UAL1134,2025-05-15
ASA1258,2025-05-06
DAL3006,2025-05-06
SWA169,2025-05-15
SWA4314,2025-05-22
AAL2565,2025-05-03
DAL2201,2025-05-20
SWA2574,2025-05-26
SWA2120,2025-05-04
SWA2950,2025-05-12
AAY901,2025-05-15
UAL2322,2025-05-23
DAL1294,2025-05-25
SWA1045,2025-05-06
AAL1626,2025-05-03
DAL2220,2025-05-06
FFT1051,2025-05-24
SWA2570,2025-05-03
UAL332,2025-05-16
UAL2679,2025-05-20
UAL468,2025-05-09
SWA2868,2025-05-18
NKS2088,2025-05-31
DAL2328,2025-05-23
ASA756,2025-05-13
SWA1551,2025-05-02
AAL1023,2025-05-15
SWA2298,2025-05-20
AAY526,2025-05-28
AAL2338,2025-05-05
FFT1061,2025-05-11
AAL2183,2025-05-09
DAL1576,2025-05-22
JBU1453,2025-05-26
JBU187,2025-05-20
UAL762,2025-05-08
DAL744,2025-05-12
NKS2591,2025-05-11
ASA235,2025-05-18
UAL1228,2025-05-29
SWA2055,2025-05-20
DAL2049,2025-05-21
UAL2187,2025-05-20
UAL2120,2025-05-06
DAL1514,2025-05-22
AAY1048,2025-05-16
SWA495,2025-05-27
UAL1431,2025-05-23
JBU638,2025-05-09
NKS2639,2025-05-20
SWA3806,2025-05-14
SWA2786,2025-05-30
SWA3251,2025-05-22
FFT687,2025-05-01
AAL1269,2025-05-14
SWA351,2025-05-05
AAL1188,2025-05-24
SWA3423,2025-05-20
SWA1169,2025-05-18
UAL2635,2025-05-18
AAL1923,2025-05-17
JBU927,2025-05-07
UAL403,2025-05-03
NKS2114,2025-05-12
SWA4878,2025-05-09
AAL1552,2025-05-18
DAL510,2025-05-31
AAL2345,2025-05-10
UAL2098,2025-05-28
SWA1268,2025-05-01
SWA2038,2025-05-11
SWA2627,2025-05-18
UAL2412,2025-05-22
AAY1329,2025-05-22
AAL1625,2025-05-30
AAL1136,2025-05-21
SWA1421,2025-05-05
NKS207,2025-05-02
ASA1269,2025-05-22
UAL2384,2025-05-17
AAL1721,2025-05-15
UAL2058,2025-05-08
AAL323,2025-05-07
AAL3104,2025-05-03
ASA1204,2025-05-07
SWA2170,2025-05-28
UAL1300,2025-05-24
UAL687,2025-05-31
SWA2112,2025-05-26
DAL828,2025-05-23
ASA675,2025-05-17
DAL3170,2025-05-09
ASA532,2025-05-23
SWA3492,2025-05-07
DAL3180,2025-05-12
AAL487,2025-05-16
JBU1347,2025-05-11
AAL982,2025-05-03
SWA1770,2025-05-24
AAY1707,2025-05-11
AAL958,2025-05-03
AAL2573,2025-05-30
JBU503,2025-05-22
UAL1872,2025-05-19
SWA1960,2025-05-25
AAL2594,2025-05-12
SWA3712,2025-05-04
DAL1946,2025-05-13
DAL725,2025-05-26
SWA868,2025-05-05
DAL2284,2025-05-14
AAL1479,2025-05-15
ASA382,2025-05-26
JBU311,2025-05-02
UAL1678,2025-05-24
AAL2390,2025-05-28
NKS2692,2025-05-10
JBU2119,2025-05-25
AAL1081,2025-05-03
SWA1355,2025-05-08
SWA651,2025-05-11
AAL1801,2025-05-27
ASA66,2025-05-01
UAL2446,2025-05-02
ASA1126,2025-05-05
SWA690,2025-05-01
FFT4344,2025-05-05
SWA3572,2025-05-17
FFT3937,2025-05-08
UAL1410,2025-05-17
DAL683,2025-05-21
SWA1703,2025-05-22
DAL2942,2025-05-16
NKS825,2025-05-06
AAL1318,2025-05-14
SWA1724,2025-05-08
DAL972,2025-05-23
UAL2179,2025-05-24
DAL466,2025-05-30
DAL1384,2025-05-22
SWA1309,2025-05-30
FFT3566,2025-05-18
FFT1402,2025-05-31
AAL2593,2025-05-23
SWA1355,2025-05-02
SWA1653,2025-05-26
JBU263,2025-05-14
JBU128,2025-05-26
SWA1998,2025-05-15
FFT2348,2025-05-22
DAL3193,2025-05-21
NKS2595,2025-05-22
SWA2212,2025-05-06
DAL715,2025-05-25
SWA770,2025-05-20
SWA3433,2025-05-18
SWA928,2025-05-08
AAY206,2025-05-02
SWA4322,2025-05-15
SWA3829,2025-05-01
DAL2411,2025-05-16
JBU341,2025-05-22
AAL2863,2025-05-22
AAL1706,2025-05-30
DAL1571,2025-05-18
AAY546,2025-05-02
SWA2964,2025-05-04
AAL396,2025-05-04
AAY1600,2025-05-14
SWA1352,2025-05-02
AAL1840,2025-05-18
DAL2179,2025-05-19
AAL2723,2025-05-31
FFT3283,2025-05-30
DAL1744,2025-05-23
DAL3185,2025-05-28
SWA4093,2025-05-05
DAL3100,2025-05-19
UAL2617,2025-05-03
DAL1389,2025-05-25
SWA3753,2025-05-15
DAL2027,2025-05-11
DAL2922,2025-05-24
FFT1292,2025-05-31
UAL1108,2025-05-20
FFT1328,2025-05-11
ASA1269,2025-05-31
JBU1023,2025-05-12
UAL762,2025-05-15
UAL702,2025-05-15
UAL779,2025-05-17
DAL2931,2025-05-07
UAL1750,2025-05-14
SWA1526,2025-05-21
SWA239,2025-05-17
UAL2395,2025-05-17
DAL2510,2025-05-28
AAL2464,2025-05-20
AAL506,2025-05-20
DAL1453,2025-05-26
NKS2137,2025-05-07
HAL230,2025-05-29
SWA1623,2025-05-20
UAL1970,2025-05-08
UAL611,2025-05-23
DAL393,2025-05-05
UAL511,2025-05-21
AAY913,2025-05-08
UAL441,2025-05-26
SWA4167,2025-05-08
FFT2310,2025-05-29
SWA2642,2025-05-25
DAL661,2025-05-10
UAL2272,2025-05-26
DAL325,2025-05-28
UAL414,2025-05-16
SWA2932,2025-05-27
SWA2901,2025-05-14
ASA48,2025-05-27
AAL1523,2025-05-25
NKS930,2025-05-04
DAL3026,2025-05-08
AAL3205,2025-05-23
AAL707,2025-05-29
AAL1146,2025-05-15
DAL2786,2025-05-10
UAL2439,2025-05-10
DAL2053,2025-05-16
DAL2298,2025-05-15
DAL1517,2025-05-26
SWA598,2025-05-29
SWA3930,2025-05-19
UAL1599,2025-05-09
AAL1619,2025-05-20
AAL2185,2025-05-03
DAL1716,2025-05-25
NKS2329,2025-05-25
AAL1599,2025-05-19
UAL1714,2025-05-03
AAL613,2025-05-07
DAL2280,2025-05-25
AAL922,2025-05-29
DAL2184,2025-05-27
DAL2797,2025-05-16
AAL891,2025-05-31
FFT3291,2025-05-19
SWA2655,2025-05-02
DAL2829,2025-05-14
SWA2280,2025-05-12
SWA2642,2025-05-13
SWA680,2025-05-01
SWA4180,2025-05-15
UAL2355,2025-05-21
DAL320,2025-05-21
AAL967,2025-05-11
AAL2750,2025-05-04
AAL1627,2025-05-18
DAL906,2025-05-12
DAL413,2025-05-16
AAL1153,2025-05-04
DAL503,2025-05-15
FFT1727,2025-05-01
SWA2889,2025-05-11
DAL1381,2025-05-12
DAL2208,2025-05-30
DAL2998,2025-05-09
NKS2002,2025-05-15
SWA1534,2025-05-05
UAL1316,2025-05-06
DAL2612,2025-05-20
ASA531,2025-05-27
ASA65,2025-05-28
UAL1449,2025-05-12
AAL404,2025-05-26
SWA3447,2025-05-04
UAL694,2025-05-06
NKS2044,2025-05-19
DAL319,2025-05-20
SWA3686,2025-05-05
AAL897,2025-05-31
UAL2393,2025-05-10
DAL2276,2025-05-29
SWA2805,2025-05-19
SWA1842,2025-05-14
FFT3308,2025-05-28
SWA1305,2025-05-20
SWA2204,2025-05-28
UAL786,2025-05-06
UAL535,2025-05-06
AAL422,2025-05-08
JBU124,2025-05-09
AAL423,2025-05-12
AAL2840,2025-05-18
AAL2064,2025-05-21
SWA920,2025-05-07
HAL50,2025-05-23
DAL450,2025-05-16
DAL2287,2025-05-05
FFT1473,2025-05-25
DAL1363,2025-05-24
UAL1658,2025-05-29
DAL1720,2025-05-20
ASA768,2025-05-28
SWA341,2025-05-18
JBU2625,2025-05-23
SWA3338,2025-05-07
ASA818,2025-05-23
DAL1455,2025-05-20
DAL2205,2025-05-21
UAL2394,2025-05-20
UAL2294,2025-05-14
SWA2310,2025-05-26
UAL467,2025-05-29
SWA1344,2025-05-06
HAL358,2025-05-19
DAL561,2025-05-10
SWA2042,2025-05-03
FFT1991,2025-05-04
SWA972,2025-05-27
AAL1438,2025-05-01
SWA3692,2025-05-08
DAL1487,2025-05-02
SWA954,2025-05-30
AAL2687,2025-05-15
NKS634,2025-05-02
DAL442,2025-05-30
SWA1881,2025-05-07
DAL1292,2025-05-16
SWA3421,2025-05-08
SWA1057,2025-05-29
UAL1327,2025-05-27
ASA361,2025-05-16
DAL2062,2025-05-23
AAL2894,2025-05-16
DAL2923,2025-05-02
AAL3044,2025-05-03
DAL2927,2025-05-03
AAL3043,2025-05-04
AAL3090,2025-05-09
DAL971,2025-05-26
DAL2750,2025-05-28
SWA1353,2025-05-10
UAL1646,2025-05-14
DAL745,2025-05-17
DAL557,2025-05-11
FFT1008,2025-05-04
UAL2268,2025-05-02
SWA701,2025-05-21
JBU1069,2025-05-22
AAL2261,2025-05-14
SWA3524,2025-05-26
DAL1409,2025-05-26
AAL1247,2025-05-05
SWA2070,2025-05-13
AAL2708,2025-05-23
ASA431,2025-05-19
UAL2114,2025-05-05
DAL2532,2025-05-19
AAL2502,2025-05-30
UAL1816,2025-05-24
DAL837,2025-05-08
AAL2142,2025-05-30
SWA3955,2025-05-28
DAL2720,2025-05-04
FFT1283,2025-05-03
SWA3126,2025-05-10
DAL2739,2025-05-03
ASA636,2025-05-04
SWA2219,2025-05-26
FFT3885,2025-05-13
AAL1873,2025-05-30
NKS2380,2025-05-28
SWA2705,2025-05-11
AAL3125,2025-05-01
AAL3003,2025-05-17
FFT1449,2025-05-22
NKS2756,2025-05-16
JBU440,2025-05-22
AAL2629,2025-05-13
DAL2781,2025-05-05
ASA1229,2025-05-20
DAL2596,2025-05-26
AAL2185,2025-05-24
DAL795,2025-05-25
SWA200,2025-05-12
JBU2656,2025-05-07
SWA1842,2025-05-12
AAL1317,2025-05-03
DAL2728,2025-05-26
SWA3574,2025-05-04
AAL3310,2025-05-03
UAL1805,2025-05-14
JBU607,2025-05-06
SWA3125,2025-05-01
SWA1002,2025-05-26
SWA746,2025-05-30
AAL1656,2025-05-17
AAL647,2025-05-25
SWA4002,2025-05-09
SWA3643,2025-05-28
AAL1476,2025-05-08
AAL1991,2025-05-08
DAL2150,2025-05-04
ASA835,2025-05-04
AAL412,2025-05-11
AAL410,2025-05-04
AAL1751,2025-05-15
AAL491,2025-05-11
SWA4311,2025-05-15
SWA2408,2025-05-03
AAL1403,2025-05-22
DAL2348,2025-05-07
HAL3,2025-05-22
ASA1047,2025-05-07
SWA2206,2025-05-08
AAL1990,2025-05-02
DAL2379,2025-05-12
AAL2098,2025-05-25
AAY43,2025-05-25
AAL3079,2025-05-29
DAL2197,2025-05-16
SWA1417,2025-05-05
FFT3418,2025-05-19
SWA4673,2025-05-01
SWA3195,2025-05-13
DAL1642,2025-05-27
UAL2610,2025-05-16
SWA203,2025-05-11
SWA1954,2025-05-17
UAL1858,2025-05-21
FFT4251,2025-05-05
JBU1177,2025-05-17
UAL356,2025-05-01
AAL118,2025-05-16
DAL1149,2025-05-27
NKS2753,2025-05-28
NKS2001,2025-05-28
AAL1727,2025-05-06
UAL580,2025-05-12
SWA1368,2025-05-22
SWA921,2025-05-21
AAY553,2025-05-11
SWA1229,2025-05-12
DAL2679,2025-05-20
ASA1060,2025-05-11
SWA1782,2025-05-23
UAL577,2025-05-28
NKS2288,2025-05-19
NKS444,2025-05-01
UAL636,2025-05-30
SWA2539,2025-05-04
SWA2683,2025-05-01
ASA62,2025-05-13
SWA2554,2025-05-08
AAL3129,2025-05-05
UAL2348,2025-05-08
SWA2272,2025-05-16
AAY219,2025-05-27
AAL1183,2025-05-08
AAL2635,2025-05-01
DAL3175,2025-05-28
DAL2707,2025-05-30
SWA4508,2025-05-04
SWA3353,2025-05-13
SWA2547,2025-05-06
ASA1105,2025-05-10
UAL1416,2025-05-13
AAL1984,2025-05-21
DAL1125,2025-05-18
AAL832,2025-05-11
NKS2170,2025-05-07
DAL1413,2025-05-12
DAL2507,2025-05-05
SWA1186,2025-05-24
ASA64,2025-05-11
JBU363,2025-05-05
DAL2022,2025-05-09
ASA213,2025-05-23
SWA985,2025-05-06
JBU608,2025-05-24
SWA665,2025-05-24
AAY668,2025-05-19
AAL1728,2025-05-05
UAL1827,2025-05-17
DAL488,2025-05-23
UAL2340,2025-05-25
ASA62,2025-05-19
SWA2866,2025-05-20
FFT4371,2025-05-23
ASA46,2025-05-20
SWA2025,2025-05-05
UAL2643,2025-05-17
SWA2339,2025-05-24
DAL2408,2025-05-17
AAL671,2025-05-11
AAL1771,2025-05-25
ASA62,2025-05-10
DAL1861,2025-05-24
JBU1603,2025-05-26
UAL1793,2025-05-05
DAL1559,2025-05-13
SWA4471,2025-05-04
SWA3980,2025-05-04
SWA3365,2025-05-18
NKS2232,2025-05-14
SWA4357,2025-05-08
ASA1123,2025-05-19
SWA2891,2025-05-18
DAL2478,2025-05-14
JBU1577,2025-05-23
SWA3001,2025-05-22
UAL2861,2025-05-20
AAL1804,2025-05-14
DAL2525,2025-05-13
UAL1129,2025-05-14
AAL2862,2025-05-08
SWA4197,2025-05-29
AAL1873,2025-05-08
SWA1515,2025-05-22
DAL792,2025-05-20
DAL1007,2025-05-09
UAL2268,2025-05-14
DAL2476,2025-05-05
JBU820,2025-05-16
DAL1695,2025-05-14
UAL1626,2025-05-15
SWA671,2025-05-12
DAL1117,2025-05-03
SWA3820,2025-05-06
SWA2057,2025-05-09
DAL1481,2025-05-08
AAL1664,2025-05-25
AAL2717,2025-05-28
SWA954,2025-05-13
DAL2005,2025-05-18
AAL3190,2025-05-31
SWA3835,2025-05-11
AAL1211,2025-05-16
SWA2320,2025-05-30
DAL2531,2025-05-29
ASA36,2025-05-10
ASA348,2025-05-12
AAL1801,2025-05-01
UAL2184,2025-05-11
NKS2418,2025-05-29
DAL1562,2025-05-23
SWA3544,2025-05-28
SWA3288,2025-05-16
UAL519,2025-05-27
FFT1333,2025-05-19
NKS2201,2025-05-10
SWA4107,2025-05-30
DAL2550,2025-05-23
AAL1828,2025-05-25
AAL1848,2025-05-09
DAL569,2025-05-05
UAL2195,2025-05-29
